rank,target,dna_sequence,source,design_name,ptm,iptm,ranking_score,length,parameters,sequence
1,CAG,CAGCAGCAGCAG,Baker Lab,CAG_specblock_design3,0.8737,0.6366,0.684,140,target-specific DNA + specblock,RKPRTAEQKAILDAAFAKNPKPTLEQKKELAKETGLTVKQITNWFRNRRVAEGKKLLLEDTGGDRAFIEAQLDKVLAAINAAESGKPYTRANIRRMVYNAYYYVHNGEDLRERRRLSPVKLAALEAFLAAVDARDNGHHH
2,CAG,CAGCAGCAGCAG,Baker Lab,CAG_design17,0.875,0.614,0.6662,128,target-specific DNA + specblock,ARRRRWTPEELAKLEAALAKYGTGNYDKIAAYVGTRTVAQVKAKVQHLRRLEKWKKYLKAYKEEGFEAVLKLEKNPKKQKLMKAYIKNPKPNKEELEELAKELGLKVKTVRQKFSELRNAEKLLEEEK
3,CAG,CAGCAGCAGCAG,Baker Lab,CAG_design24,0.7882,0.6026,0.6397,127,target-specific DNA + specblock,GARAPQRKRTAEQKAALDAAFAKNPYPTDEEIEELAKRLGLTPKQIKNWFQHRRRKVKEDAEYKAMGLDPNKRLKRTAEQIAALEAAFARNRYPSTEEKTALAEELKLPKSTITRWFANRRAKEKKK
4,CAG,CAGCAGCAGCAG,Baker Lab,CAG_design18,0.8584,0.5999,0.6516,128,target-specific DNA + specblock,ARRRRWTPEEIAKLEEALAKYGTGNYEKIAEFVGTRTVKQVKAKVQHLRRLEKWKEYLRAYREEGFEAVKKIAKNEKKQILFEAYAKNPRPNKEELEALAKELGLTVKTVRQRFSMLRKAERELEAEA
5,CAG,CAGCAGCAGCAG,Baker Lab,CAG_design7,0.8566,0.5975,0.6493,135,target-specific DNA + specblock,GYRGPLHKWTPEQIAALDAAFARNPYPNKEEIEALAAELGLTPKQVRNWFYRRRRLAKVENATPVPLSEELLPLVEALKANRNPDLETQIKLYEILPYPSHALLKTIADYCELSARQIINFFQNLRRKVKKLLAQ
6,CAG,CAGCAGCAGCAG,Baker Lab,CAG_design12,0.864,0.5877,0.643,138,target-specific DNA + specblock,ARRRRTPEQKAALDAAYARNPRPSKEERAALAAELGLSESSVTNYFTRRNRLDKYVAELTAALAAGLSLEEAVARVLGGNKAKIALELLKKPELSVEEIDELAKKLNLKRSTIRTHRGFIKQLAARIPELAKALGIAP
7,CAG,CAGCAGCAGCAG,Baker Lab,CAG_design19,0.8626,0.5819,0.6381,128,target-specific DNA + specblock,ARRRRWTPEELAKLEAALAKYGTGNYEEIAAFVGTRTVAQVKAKVQHLRRLEKYKRWLKAYEEEGFEAVEKLEKNPKKLELMRAYIENPKPNKEELEELAERLGMKVKTVRQEFSRLRNAKKELEKEK
8,CAG,CAGCAGCAGCAG,Baker Lab,CAG_design2,0.8416,0.5786,0.6312,133,target-specific DNA + specblock,RKRRTAEQKAALDAAYAKQKTFTPEQRKEIAEELGLTVKQVKNWFQHRRYNEKIKAAAAACKNREELLDYLRERLSRTRSPEAVEKIIAALKENEYPSDEEIEALAKETNQSVGSVRYVFQLYRRLLRYFKAS
9,CAG,CAGCAGCAGCAG,Baker Lab,CAG_design4,0.8585,0.5571,0.6174,120,target-specific DNA + specblock,DEKRKRHNARQKAKHAAAVAELKKLEAQGYKKPPKTYKELIEEAILSRPDKRATIDEIVDYLVNTYEYFRKASGTAAYHWRHTIRGTLSKDKRFIKIPRKPGEPGRGSYYTINPEYLKTL
10,CAG,CAGCAGCAGCAG,Baker Lab,CAG_specblock_design27,0.8698,0.5552,0.6181,147,target-specific DNA + specblock,RRRLTPEQRAILEARFAEKQHLNVEEREALAAETGLTVQQIRVWFQRRRRKARFEEIKKLIEEKRWEELKEVVRNARTRGEIEMIVAALTGKSVDTIRRYRNDKLSAASRARLLASLTPEQQAILEALRARAPLEDLKALLLAYLDS
1,CAG,CAGCAGCAGCAG,Overnight,CAG_config_CAG_0_model_4,0.6633,0.5914,0.6058,124,"default (L=120-140, 1BNA)",MSLVQKKILVDYAKAHLNTDPTEAEISALAVQLNVSPLTISNSIVAFRKKIAAGYSEDAILQNKKAITAAEAELCAQLIAEILNQNLSFAEALAEATRRCSDIGLSELVKATLRESITNAFKRA
2,CAG,CAGCAGCAGCAG,Overnight,CAG_config_CAG_21_model_6,0.6891,0.5693,0.5933,127,"default (L=120-140, 1BNA)",LTKKQKTILALIKKGYSQKEIAEELNISTQTINNMIDTLVADGTIYVNSAGYYSVRSPQQAQATAKKARVQAKQLRDSIIALLKAGKLKSLIAGFDVSAQTLVTILKSMLKEGLLTLEQADQIIDLI
3,CAG,CAGCAGCAGCAG,Overnight,CAG_config_CAG_11_model_4,0.6929,0.5377,0.5687,139,"default (L=120-140, 1BNA)",AATIAEIAKRTGASADTVSQVTALLRQDPDMSASAIASQLGLPQQKIDAVAKEVNAAAAGAAAKTRAAQTQQAREDAVKEALDKLGISATAAQTRKILTVMSLLRKGKTQAQIATALHVSLATVTEYAELAQQVIDVLN
4,CAG,CAGCAGCAGCAG,Overnight,CAG_config_CAG_17_model_3,0.7499,0.5356,0.5784,127,"default (L=120-140, 1BNA)",LKAPTKPPATGHNTTLTPKQVSAKSELKALFAAQGINNITEAEISAIASQTGLTVSQVKTLLKNHRAALNAATKNKNLIALANKQLEKIELPPINYSTLALYKANFLKTAPKASDEAIVSSLVSDLG
5,CAG,CAGCAGCAGCAG,Overnight,CAG_config_CAG_15_model_1,0.7878,0.5332,0.5841,122,"default (L=120-140, 1BNA)",KAAEAEVKRLMRECGLQMSIAELKQVVQEELGVSKLTLITILRWLQKKFGVSSPVVRERNNQANARKNARISYANDLIKAGATELEIIQILMTKLKRKSAVAALNLVKTAKKKLIEKGFLPG
6,CAG,CAGCAGCAGCAG,Overnight,CAG_config_CAG_23_model_0,0.782,0.524,0.5756,126,"default (L=120-140, 1BNA)",QLSAAEIKAVAMARAAFAANPNPSAAARQQLIESLVNATGLPKSRVANIVANVFAAGRQNLRLKALPLALRKCFAIIADHGLNALSVQELADATGLSVAQVRQLYELKQQNPSMSNLQALLLLAAA
7,CAG,CAGCAGCAGCAG,Overnight,CAG_config_CAG_6_model_6,0.7098,0.5218,0.5594,137,"default (L=120-140, 1BNA)",LATVYTPAVQQAVEFIAQHCLDPSVTISDIAAAIGLTSSKLANLFKEELGLTPGEYLNSKRASTQCNAKLKEELPSALQRQALMIELSKRFNQDPTLTNAEISLLAADLNLSVALVKYKYNQFLANRNANLKKQAAS
8,CAG,CAGCAGCAGCAG,Overnight,CAG_config_CAG_17_model_6,0.7077,0.5187,0.5565,127,"default (L=120-140, 1BNA)",NVASVPKSLSQKLAAKGVSKAALVSLKNQGLTNMEIADLLDVSESSVSTAIKNVNLQNLIANLRLKDEVAKYPLLTKKEYIVVKLALEQNLSQKDIAKKLGLSQASVSAHLNATAKKLNLTTSALQG
9,CAG,CAGCAGCAGCAG,Overnight,CAG_config_CAG_15_model_2,0.74,0.5159,0.5607,122,"default (L=120-140, 1BNA)",AAYVILVQLGFENLSEASRDKVRAAIRNKISTINKAVGYSLNVSEEEVLSIMMALFKQGKTRPSYSTILEALGHSSYIDKLKAHNKLRADNLTAIKNKEIVKIEQAELLLEQKIASEQAKLA
10,CAG,CAGCAGCAGCAG,Overnight,CAG_config_CAG_18_model_6,0.6292,0.515,0.5379,121,"default (L=120-140, 1BNA)",MCIPAALATKIQELVAQLAQEGKKPTDIAKAIEKRFGIAISTPTISTMIRQLVKEKKITKPEATKNRNQLSAINKAKAELLAKELLEKKLSSDSISAALTQAGISQSTIDAALAKLERKKA
1,CAG,CAGCAGCAGCAG,AutoRes,agent_exp018/config_design_1_model_1,0.7127,0.6479,0.6609,189,L=160-200,GAAAAAAAAAALLAAGNAALKAGSYAAAIAAYNQAIALNPTNAAAYLNLGNAYSKLGNTAAAIAAYNKALALNPNNTTAQINLAKAQGDAAAAAAIAAANAAANPAAALTQAGQTAAAIALYQAAAATGSPAAQAAALNNLGAIYQAQGQLAAAIAAYQAALALAAPTSPALAAALAANLAATQAALAA
2,CAG,CAGCAGCAGCAG,AutoRes,agent_exp024/config_design_9_model_1,0.5931,0.6333,0.6253,167,L=160-200 is_non_loopy=False,ALAAAIAAFLAGAAAAPVQAALVAAGLLAAAAAASAAAVLAALAAAAAALGLTAATSAAALAALVAAANPAAAAAAAAAAAANAALTTAAVLAAAAALVLAGASAAAITAALVAAGLSAATAAATVATLTAAAAALAAGASAAALAALPGVGAATAAAVAAAAAAAA
3,CAG,CAGCAGCAGCAG,AutoRes,agent_exp030/config_design_6_model_1,0.7766,0.631,0.6601,189,L=160-200 is_non_loopy=False,AVAAGNALKQAGQFDAATALFTAAAAAGSAAATSNLANVYKAMGQSAAATALYNQLAAQGNAAALVSLGALYKAQGQLDAALALYQQALALLGSSNTAVLSALAATHAALGQAAAAAALAATVTALLAAAVAANPANATALLNLGNALKQAGQAAAATAALTAALAAATAAGNAALAAAAAANLAATQA
4,CAG,CAGCAGCAGCAG,AutoRes,agent_exp021/config_design_8_model_2,0.639,0.6185,0.6226,172,L=160-200,ALNAAGAALKKAGQYAAAIAAYQQAIAANPSAALYNNLGAAFKKLGQLAAAAAAYQQAIALNPTNAAAYANLAATLAQLGQAAAAAAVAAALAAANPAAVAAAAAAAAAKAAAAPAVAAVKAAVAAGDLAAAAAALAALLAALAATAGSGATAAAIAAAVAAQLAAAAAAAA
5,CAG,CAGCAGCAGCAG,AutoRes,agent_exp023/config_design_0_model_7,0.7496,0.6172,0.6437,186,L=160-200,SNKALLDFLEQSLDLAQQLALSAIAATAQAILDLLEQGAEVTNSAVAQKLLGLLNAAKRQNPVLAAALEQFIQAHPALLQQLDANSQSQAKAKKAREARFTESPTTLTAAQKRVLAALLRNQGATAAAIAALLGLSLPTIQRNLKILKAKGLIEVVRSVNSQTNQVISQYKLTEKGKAALALATAH
6,CAG,CAGCAGCAGCAG,AutoRes,agent_exp089/config_design_0_model_1,0.752,0.612,0.64,132,L=100-140,GIILTPEDIANLAAELGFSLASVTYALKVLEKQKLLTSAPKGFLASVSFAELRSTVEQVVNKNDQQNAKAKANRDSIKQIYGDHIDALCENLGLSAALAYKAIRNALKVKPDASLAVIKEIAKALAAVQDAL
7,CAG,CAGCAGCAGCAG,AutoRes,claude_exp018/config_design_5_model_2,0.6981,0.6045,0.6232,150,L=120-160,GVKALLSDNHSYRLAQSIVSTTFAILKLKGITPSDAEKLELKNETVKMVVETLEEKQTEHLTRLETQNLIAAVVENVFKIHITPEEIALLNKQKKLSRAEIVELSAQNANLALQLRIKQANGTVTPADIAAHEAQMADLAVQIRIISNEA
8,CAG,CAGCAGCAGCAG,AutoRes,claude_exp015/config_design_6_model_1,0.8025,0.6041,0.6437,119,L=100-140,ALKYSKATILNLSQAINDIHDLVLQKNNQPRRALSLDEIQVLATALGIPAAAADDIYVYKAKQKATNAKTNNCKNALLALAANKGFDAITDADLDDIAQATGLSAATVRRTAANLKAAA
9,CAG,CAGCAGCAGCAG,AutoRes,agent_exp021/config_design_5_model_4,0.5838,0.6024,0.5987,183,L=160-200,AAAAAAAAALLAAGNALLQAKQYAAAIAAFTAALALAPASPATAAALNNLGTAYLKLSQYAAAVAAFTAALALNPANATAQKNLAAAQKQLGQAAAAAALSAAVAAATAVAAAAAPLVAAANAALAAGDTAAALAAATAAAAALAPANPAAALATLAATAAALAAAGAAAAAAALAAAAAALA
10,CAG,CAGCAGCAGCAG,AutoRes,agent_exp022/config_design_3_model_3,0.7587,0.6005,0.6321,143,L=160-200,PIRLSAATLAAVKAKYEPAVAAIAAALVAQKEPALSEDDRAIVITFLTNVAMAAIVAAAKRNSEENAMPLAKTAIENAFTSRSANAAAAGVSLGSWIKAKNEAAVLRAQDNAAQLQEQNVKQEEQVQAQKAAQLLQLIEQAQD
1,Dux4grna2,CAGGCCGCAGG,Overnight,Dux4grna2_config_Dux4grna2_9_model_7,0.7927,0.5681,0.613,131,"default (L=120-140, 1BNA)",ADAELVAQIKKAQAVSKVANSRRRALLSLADDETKALHAERVKLLNKVLKNAKAENPKLAAQVKARAVEINKALQADADPAAIARLLAEKQKIAQELAAFKRAKYPAQVAEINRLAREVAKQLATLQKQLQ
2,Dux4grna2,CAGGCCGCAGG,Overnight,Dux4grna2_config_Dux4grna2_0_model_4,0.657,0.557,0.577,130,"default (L=120-140, 1BNA)",GQASLAAQAKDALQLLKAGELSTASVNRLLKMLSGQTDEELAEAAAKNRVAFNKGIQKYAAAHEAAVLQVVAALKAQGRIATTSNLSTGQLRTARKILQGISTDTSAEAKIQTHQATAARLAAQLSALIS
3,Dux4grna2,CAGGCCGCAGG,Overnight,Dux4grna2_config_Dux4grna2_13_model_4,0.7559,0.5509,0.5919,122,"default (L=120-140, 1BNA)",GTVQVTADQEATITKYINQIRKGDLNLNEAVDAVAKDLGISKAQAANIITKLQTKRNEQARASRANHLTKIASKVKEATGVNLTKKEARTVARLAKQKFPGVKVSEFSDAQIIEVVKEAKAQ
4,Dux4grna2,CAGGCCGCAGG,Overnight,Dux4grna2_config_Dux4grna2_4_model_3,0.7597,0.5356,0.5804,126,"default (L=120-140, 1BNA)",VEELEAAVVQRNKEISRSRQNQKDLNAAINAAASTKELVDNVLDKYPALSEEDKQTLTAQVLEIHNKENLSKLSTHQVAVNLCNNAIKAKMTPQQQKQLLLSREATKSRRQELKTALAVYDAVSAQ
5,Dux4grna2,CAGGCCGCAGG,Overnight,Dux4grna2_config_Dux4grna2_6_model_6,0.6649,0.5346,0.5606,130,"default (L=120-140, 1BNA)",QYATVAQMVQLGLISTTQAVGILKALDTGSGSALSAAAIQKAASILGLSVAKLNNILNRNAASSTVSNAILAALRAKPLNHDELIAALAALPGVGATTAAKIVSNALAAAGLEANALLALDASGKLVEVA
6,Dux4grna2,CAGGCCGCAGG,Overnight,Dux4grna2_config_Dux4grna2_7_model_2,0.6963,0.5302,0.5634,135,"default (L=120-140, 1BNA)",DASLLANAVDALQSKNSELAVQNLARLVQLGNQELIPSALQKAGLNAEQVELVFTALANFPANAEKSRNNAKKSAMAKAKVDGLQAKVDAYTALAQLHASNAASYQSQGNLQNAAAAVAAANSYAAKAISLSAQL
7,Dux4grna2,CAGGCCGCAGG,Overnight,Dux4grna2_config_Dux4grna2_0_model_3,0.698,0.5236,0.5585,130,"default (L=120-140, 1BNA)",MTKLSKAQSTKLLQTAAALFKAKGYDATSIQDIAEAAGISVASIYQNFTSKADLYERVRSSAVAAANARAKFRTRLQNLMKSVFNELNIPASQHPTFAAFIKDLANHRKQTGLSTLTDAEIKEFLKSLYG
8,Dux4grna2,CAGGCCGCAGG,Overnight,Dux4grna2_config_Dux4grna2_0_model_1,0.7827,0.5139,0.5677,130,"default (L=120-140, 1BNA)",GKILRPELTPDEQAILTTAQEAAGVTTVTSKVLSYLDALRLENPEQAETVDDCINKITKYLKLKNAQKASNRKSKQEKLIAFLVSKAGAICTEAEVAQALGLSRADVSGLLDVMVNQGILTRSAAGYKLA
9,Dux4grna2,CAGGCCGCAGG,Overnight,Dux4grna2_config_Dux4grna2_7_model_4,0.7168,0.509,0.5506,135,"default (L=120-140, 1BNA)",GWDSLTAAEKAVIGVLMTGAKTVAEISSLTGIDAKTVANTLARLEALGLVKRVNGEPARYALTAKGKKILHTHYGVVKRSKQTKTLIIKGVLEGLSAKALSELTGLPEVAISNFTFNFNQLSEAEKKKVLSAVGL
10,Dux4grna2,CAGGCCGCAGG,Overnight,Dux4grna2_config_Dux4grna2_17_model_1,0.6931,0.5062,0.5436,132,"default (L=120-140, 1BNA)",QIDSLKANLSAAMLEADEQTVLDQSNNLISILLAQNQVADAKAFAIAVQSLLSTENAQILSTSFAALVSASTNALNTRQKILAKDYLLKLNLIKKSLASTKNKLAQAPGNLKLVKRVNALISNQNMLEQLLA
1,Dux4grna2,CAGGCCGCAGG,AutoRes,exp039/config_design_2_model_7,0.8326,0.6413,0.6796,253,L=220-260 infer_ori_strategy=com,GAQQALNNKALTLLNQKQYADAIQVLDKMEELGFTPDLSTYLIRGDALINLGQVNAAIADYHSAIEKNPSLVDSATYKNLGNAYKKAGEYDNAIAQFNKAIELNPTNLTAYNNLANTYQDMGKNDLAIAAYDKAISLFPNSASAASATTNLGRVLASKGDVDAAVKAYENAISTAQKNKANVLAAISFQNLAAVFKAQGKSADAAAQLVASAAARLAANANSAQAYADLAEAFELLGKSADAATMQAKALTLA
2,Dux4grna2,CAGGCCGCAGG,AutoRes,exp039/config_design_4_model_2,0.8447,0.6381,0.6794,249,L=220-260 infer_ori_strategy=com,LTGQAKSLNQNAVSAVASNQYQTALATYDAALATANQAAESPDALTYNNRGVAYYNLGNQQDAIIDLTKAIKFYKINGLAPDPNTYINRGNAYINLGKHKNAVSDFTNAIAIYQAQVGSNHILTATCYNNRGIAYNNLGQFQNAVADYTTALNLYTQIDSNHPNLANAYNNLGNALTNLKEYQQAIANYKKAISIGNDSSDATVYNNLGIAYANLQQYDNAIADYKEALAINSNYSSAKLGLDIAQKNI
3,Dux4grna2,CAGGCCGCAGG,AutoRes,exp035/config_design_4_model_2,0.8624,0.631,0.6773,217,L=180-220 infer_ori_strategy=com,TASLQQQADANNATAYLNLGNAYKNAKNYDQAVASYKKALALSETPNLYLNLGNAYKNMKKYPNAISAYQKAIALNPSFVTAYNNLGNAYEKMGNYNKAISAYNKAIAIAGANNATVILNLGNAYEKMGNYIEAINKYNDSLAALTAKYPNKPDNTVLALAYLNLGTSYQKLNASANAKTSYENAIAIAEAALNNGSTAATAILQQAQANLALLDQL
4,Dux4grna2,CAGGCCGCAGG,AutoRes,exp039/config_design_7_model_0,0.8579,0.6278,0.6738,256,L=220-260 infer_ori_strategy=com,AQTAAANLAAAQAALQAATPRAIVAAGNRLAAAAQAGLDTAAAEALAADLVALLSDSSAALRAAAALAAGNVVAGFGSVGAAAATAQLTAVLLPKLLQLLDDSSATVRNAALTALNNMANALAATGENAAALALLTLCIDQYSKLHALTADSTLLSNLANAYNNLASAYDTANEYAKALANYLQALKLAQESKNLNAIANTYNNLGDLYAAQKNYAAAIAHLQNAKDLAEQAQNTNLTNATQSNLATVQQQMEANG
5,Dux4grna2,CAGGCCGCAGG,AutoRes,exp039/config_design_2_model_1,0.8147,0.6237,0.6619,253,L=220-260 infer_ori_strategy=com,TAKESLFDAKKELLNLGILAADATLFNELITLAFDLQRYDEAIALIDKMEEASIPQDAFLYQLKGSALLKLGKNEEAIADYDKAIELDPNNTTALLNKGIAFMHAGKTDEAIADFQQALDLAPNSPLAAQIYNNRGIAYYNAGRYEEAAADFTQAVALDPQNAAAYNNLGKAYKNMQLYTEAASAYQKALDLSKGAGIASSYDNLGLAYKNAELYASAIAAYNKVIELIQNTNSKRANVLTNTINQLKQNLAE
6,Dux4grna2,CAGGCCGCAGG,AutoRes,exp038/config_design_0_model_1,0.8466,0.6231,0.6678,192,L=160-200 infer_ori_strategy=com,NVAKLTEANALTAQGHELTAQSEYDEAIAAYQKAIDLNPSYVLAYNNLGNAYLKLGKYNEAVAAFEKAIELNPNYAVAYNNLGICYQNLQLYDKALAAFNKAVSINPKYTTAYNNLGIAYQKLSQLDLAKACFQQAIQLSPSNVTAYNNLGSFYYNSADNYDNAINCFKKALLLNPNNVTAKQNLAQCQNAA
7,Dux4grna2,CAGGCCGCAGG,AutoRes,exp037/config_design_7_model_7,0.8532,0.6184,0.6653,213,L=180-220 infer_ori_strategy=com,TTAQLAEADAYLKQGLELEKQKKYKEAIDDFDKALDANPQMALAWLNRGLAYEKMGAIDNAISDYNKALELNPDFALAFLNRGQAYHQLSDYANAIKDFTAAIVSRTEQKEAATAAYFNRGLALVQLGSTVEAIEDLTNAIAIKPNYVPAYINRGNAYLALQKYNLAVEDYTKAIELNPNNASAYKNRAEAYELLGQYQAAINDRQKANELAP
8,Dux4grna2,CAGGCCGCAGG,AutoRes,exp028/config_design_6_model_6,0.7994,0.6178,0.6541,219,L=180-220,SNQKGSLHLAQKNYSLAVKDFSKAIMANNDSDATLYNNRGVALSQTKKYNDALKDFNKAIELDPNRASAYNNRGILYRKQKQYDLALDDLDKALALDSKMAGAYNNKGMLYNFKNKTEEAVADFNKALEINASAAYASLGAMYKNQKKYKEAIADLKSYLALQPNHASASIYNALGNAYKKLDDYEAALANFKKAIALNPNNATANKNLAVVQSILAKQ
9,Dux4grna2,CAGGCCGCAGG,AutoRes,exp039/config_design_2_model_2,0.8277,0.612,0.6552,253,L=220-260 infer_ori_strategy=com,ADNSLLLGNLFAAQKDYKLALSSFTKAIQLREKISSPTATSYFNLGKAQLQLKNYDSAISALQKALSLSTDPATAADALANLGLAYVKQKQFAAAIAQYNAAVDLFQAANLTDPDTVLNLGNAYLNAGNYSKAVENFTQAITLSDEPNIKAQSLLNLGNAYLNLKNYSDAIEAFQKAIQIANPKAKAAAYNNLGNAYLQQGNYALAIKALTNAANEFVQNKKDSAATACFEKAIENAPSNVANDLIEKLVALF
10,Dux4grna2,CAGGCCGCAGG,AutoRes,exp037/config_design_1_model_3,0.8469,0.6109,0.6581,218,L=180-220 infer_ori_strategy=com,SEEGKQLLAQGIKLFNEENYEAAIACFDLAIACLTPTDDNRGIALLNRGNAYNEQAKYEEAIADFNEAIAAIPKATSAQKANAYNNRGNIRFQLGKLDDAIADYNQALAINPNNVAAFHNRGNAYRNLGKYNLAIADYNKAISIAPNSAEAANAYINRGNAYKNLGKINEAIEDYNKAASAYQKCQNINLAVAAYSEIGAITSDQAAANKSIETLKAQ
1,HD,GCTTAATTAGCG,Baker Lab,HD_specblock_design82,0.8953,0.8025,0.821,142,target-specific DNA + specblock,MGQGRLTAEEKAILDAWFEAHKDNPYPSDEELEELAKQTGRTVKQVRNWFRYQRKKVKYGYDPSLRGKRLSVEARRILTDWFLANLENPLPSDEEIKQLAKEAGITPYQVVVWFQNRRKEYNKKYKGLPLEELRKIFEEKFK
2,HD,GCTTAATTAGCG,Baker Lab,HD_specblock_design94,0.8524,0.7896,0.8022,150,target-specific DNA + specblock,APVPPKPYGGVKRLPAEARRLLREWALENLDKLFEIVDSPEWKEWREEATEELVELTGLPRKQIENWLRYLRTKIKHMTKEEVRAWLESGKRVRTKLTAEQKAALEEAFARNPHPTDEELRELAERLGLTPWQIRNWFINRRQKVRKEEK
1,HD,GCTTAATTAGCG,Overnight,HD_config_HD_19_model_3,0.6748,0.7718,0.7524,131,"default (L=120-140, 1BNA)",AAKPRTVWTALQKQTLEEWLNQHKDNPYPTKAERAKLAEDLNVTVTQVKNWFANRRQKLQAQDMGITYAEYLKKRSLCSADKNANTPIAQLEALIQKKEAQLAAAIALGAPESTILALENTIDNLKKNLNK
2,HD,GCTTAATTAGCG,Overnight,HD_config_HD_1_model_2,0.6509,0.6897,0.6819,134,"default (L=120-140, 1BNA)",QRKAPIQYSDTQIAVLDKAFADNPNLSSEQREAIAAETGLTLKQVKVWFANKRASLKEKLTAENQVVQALNSAHKYIVLAEKKPSKKEHYLAYASGALSTAQKLLQKLPPNLKAALEPQYTTLAIELEDLRLAL
3,HD,GCTTAATTAGCG,Overnight,HD_config_HD_3_model_1,0.6542,0.6853,0.6791,134,"default (L=120-140, 1BNA)",KIVFTAAQIAALNAYVQAQGLHPSAAEKAQLAKETGLTVRQINTWFSNRRAAIQPKKKYTAQEADALALAAIAVLFAKGIPVTAKQVVALVDYFRALTKGAPMSNATLAAATGLPVPLVVAILRDANKLYVSNG
4,HD,GCTTAATTAGCG,Overnight,HD_config_HD_4_model_6,0.6461,0.6719,0.6667,139,"default (L=120-140, 1BNA)",MQAKSLAVAQADLALLESQLTAVVEALDALVEAVAEQDPELAATLSQDVAQAVLNLKAALAGRRARLDAKQAAQAAGKSTALTSEQQQTLTAYLAAHSDNPYPSRAEREALAKQLGVTPAQVTAWFANARHNRRKKAEL
5,HD,GCTTAATTAGCG,Overnight,HD_config_HD_22_model_0,0.6707,0.6453,0.6504,122,"default (L=120-140, 1BNA)",ALAQFEAHMQNRAAANERHALANKAIRAALSQLGIPTNGMTDAELRTALAQALGANVILRSRTQFSDAAVTFLDEAFAAIGLAVPSQAEIRAMAKEAKVSPSAVSNWFTNQRLQAIKEAADT
6,HD,GCTTAATTAGCG,Overnight,HD_config_HD_17_model_4,0.8075,0.6361,0.6704,130,"default (L=120-140, 1BNA)",LLKGLDFSTRLNVAKKLNLSAALENAIALYEKLKADSNASSAAVKRAKKSLANAITNEFKKIAGVKVIKVNLAASILNFLKENYPSLTDSQANLIASRAVEAMIKTREETGKRISKASRLTIVEQFANQL
7,HD,GCTTAATTAGCG,Overnight,HD_config_HD_17_model_7,0.5817,0.5912,0.5893,130,"default (L=120-140, 1BNA)",DPVLEKVAQGNAAFAAENYQDAAAAYNEAVALDPNHLVAYKNLIKAYKKLEQQGVSGAASNRTKASNKRASVNANLSKGQAIAMLKNYAKSQGLDEAVVTKIVREYFDDKGLKTVSEKDVNVVINKIQKQ
8,HD,GCTTAATTAGCG,Overnight,HD_config_HD_19_model_5,0.8477,0.5818,0.635,131,"default (L=120-140, 1BNA)",AAAVAAFKAKLALIANPAEQAALLSVYDAKLPALYASSAALTIKTLQSLVASPTVTLNAVKSAFGTAKTYVNALQCGVSAATYSLVNSTLKNNYGLSPQEAAAAIKEIVETTGSTDAAVLIQAAENYFNSL
9,HD,GCTTAATTAGCG,Overnight,HD_config_HD_5_model_6,0.6739,0.58,0.5987,133,"default (L=120-140, 1BNA)",AEIVNNTIAVLNTALTALSTFIANQTLNNLRRKAIVNVHKDDIARIVTAIKQALAEDPSTALTLETLKALCPGATTSILKAALSNLTNGGKIKKLASGAWALAAPRKANPAKPNALLAAITELQAALSTISAT
10,HD,GCTTAATTAGCG,Overnight,HD_config_HD_0_model_0,0.6594,0.5754,0.5922,139,"default (L=120-140, 1BNA)",AVALCAAQVKLLKALAATNSVAQAALALSLSAPTVTAHAKILEQKGLIVKNAATKTWQLTPKGEDWLKSAKAKRPALAPLSKAQKTACLEYAAAKETLALSAAERAELAAELNVPIAQVTNHFKNLRAKKNAAERAALD
1,HD,GCTTAATTAGCG,AutoRes,exp023/config_design_1_model_6,0.6747,0.7333,0.7216,123,L=110-130,AQFSAEQVAALEQAFAISQYPSTETKSALAAKTGLSETQIKVWFANRRASLAKAERAAQNVTKPSALEARARKAQKLGMTLAAVKAQVDSARQSSLAKAQEQRDNALASAQAALAAALHAAAA
2,HD,GCTTAATTAGCG,AutoRes,exp003/config_design_0_model_1,0.6194,0.7302,0.7081,110,L=100-140,TRKPKTTFTADQLAELEQIYLQDKYPSREEKSAIAKKLNLTVKQVSVWFRNRRKKLNPSKVQLKNTKLTQAQNLFEAQGDSASIAALAEELGLSQAAVRAFLKAARKKQL
3,HD,GCTTAATTAGCG,AutoRes,exp012/config_design_4_model_2,0.7029,0.7233,0.7192,133,L=100-140,AAKTTYTAAQVAILEQAFNANPYPSTATKQALAAKTGLTVAQVSTWFANKRLALATKLGKAKAKKLLSPAEIAAIKAAIDALPLSAATRQALKEAVEKNGSIYPSAATKTALAQKYGISVATLSAAFAAVRAA
4,HD,GCTTAATTAGCG,AutoRes,exp021/config_design_3_model_7,0.663,0.7196,0.7082,112,L=100-140,LTRAKRKKQASTQWFSALQVATLEAAFQTDQKPSTAKLEELAVQLNLTQTQINAWFTNRRANEKKKLLIAQGKLEEVQESNLNKHTTAAQAALAEALAELNAQCKLLADLLA
5,HD,GCTTAATTAGCG,AutoRes,exp011/config_design_4_model_3,0.6889,0.7183,0.7124,121,L=100-140,QLSFFTPEEIAIIDSFIAAKSTYNPTKSDRLAILSLLKAQGFNITINQVSNWFANKRIAEKRKKGTLTSRQPSKAQLLIEQIIEEKGIGAITDADVKTIAKQVGLSQTSVRKKINNIKAQI
6,HD,GCTTAATTAGCG,AutoRes,exp014/config_design_3_model_7,0.7272,0.7161,0.7183,131,L=100-140,YSSAIIDVAARYDISAAEIKALCTAAGINDPTVATIEDLIAAARGIAPATMKKPRRRFTAAQAAALEAALAAIIAGELSLSEAVRKVSEATGIDRTAVRNWISNRLKAVHKNLTGIKSALVGEAIAAIKAQ
7,HD,GCTTAATTAGCG,AutoRes,exp011/config_design_3_model_7,0.7115,0.7151,0.7144,122,L=100-140,KQDPATQAQLQALEALLEPLISADPNMALSAASRQRLAAATGLTVLQVQNWVQNRRAKLRATADKAAGTEQPSLAAIVTDLADELGIPLSTIQDIVKALAAQHPGVRLTRSQIELAVAQWLA
8,HD,GCTTAATTAGCG,AutoRes,exp024/config_design_2_model_7,0.6814,0.7126,0.7064,127,L=115-135,APRTVFTDAQLAVLTAEAEAHAADPYPTAATKALLAALTGLSCAQVATWFANRRSALRQADGEDAKSISAAEKQVKEELEATLEAQGPEAVTDALVARLALKYPSVSLARIRQIAQNAKKNFAKRKG
9,HD,GCTTAATTAGCG,AutoRes,exp022/config_design_4_model_5,0.6571,0.7116,0.7007,122,L=100-140,TQAEVRDALTKAFLAKKSFSTAELKALAKQFSVSVATVASLAREVRNDLIKSGIISPPTKKPKTVLSESQNAILEAWAQALLNADPLKKVKASSLQELADKSGLSVLQVKNWIANQRAKYKA
10,HD,GCTTAATTAGCG,AutoRes,exp024/config_design_9_model_1,0.7063,0.7048,0.7051,129,L=115-135,SRLTKGKFTEEEKEAIEAYLLEKKAQTGSVALTGAEIQDLCTKLNTKRTAHQISVWISNWRVKQGLQVRQDKKAVTFTKEQRDAVISYLKEKNITHATLAEKVELAAKLGLSEPKVSAFIDQLINRGQI
1,HD,GCTTAATTAGCG,Phase4,p4/p4_003/config_design_0_model_2,0.5961,0.743,0.7136,127,P4 L=115-145,GVFTAAQTALLRAHVIENGVAPSLAARQSLAQQIGLTQQQVSTWFANQRAALRKKAGLNDGVGNGNTTEQLVTNTANAKSDLLKAEENALANACALIARQIKQVQQNIEQALNLTNEVTALQELKLA
2,HD,GCTTAATTAGCG,Phase4,p4/p4_006/config_design_11_model_6,0.6013,0.7106,0.6887,124,P4 L=115-145,ATAANQKINDLIAAILEKNAFSELDFEKLSNAVNNATGLARSANDIKNMVANLRAKNRAAAKKQKVFSDATLKKLEEAFNANPYPSQEQRTQLAKQLDLSTQQVQNWFVNRRNKLKKQATAAAL
3,HD,GCTTAATTAGCG,Phase4,p4/p4_006/config_design_4_model_4,0.5587,0.7078,0.678,142,P4 L=115-145,LTFTAAQADALANELIAQFKLSILGLKSIPTIAIAENILGKSVSAATVQAFAAQLRAMVAEIRALIDALPAVRNTTKTVFTEEQLQELNAFVDAHGLSPSLAEKKVLADKLGISVRSVSVWFANKRAADRTKLANSAFFDQA
4,HD,GCTTAATTAGCG,Phase4,p4/p4_006/config_design_2_model_2,0.7111,0.6996,0.7019,115,P4 L=115-145,AKKFTAAQRTAIAKLNKEAKARGCIPTAEELTKVPGVGAVAAQTIVANYQKNLSLGKKRVVFTEAQKQALLAANAEGKPSAAARIALAKQLGLTPTQVKVWFANKRAAINRAQKA
5,HD,GCTTAATTAGCG,Phase4,p4/p4_004/config_design_19_model_1,0.5901,0.6872,0.6678,152,P4 L=125-155,AAPAKTAPLSVEQQMFLDTTLAAAIDAAIADATPLTLTDAQKNALMAATGLTKAQVNAWVKNKNAKIHRLISKLNGIQAAQTNSQIILKLLLDEGPLSQAALAAQLTAKEGVTEANANHAIDSLTQNDYLSAELDGATTVYSITDKGQAYAA
6,HD,GCTTAATTAGCG,Phase4,p4/p4_007/config_design_11_model_6,0.8513,0.6829,0.7166,125,P4 L=115-145,ARKARKGVRIPKDTKKKLTAYIIANYAGEALSTAAKEQLATELGVTLAQVSTWLANYRANVKRKNLGLDDVSLIIENAKSLLDSLATMPLAKALKSLQARISALSKAIKKYPELKSLLNALRAKL
7,HD,GCTTAATTAGCG,Phase4,p4/p4_002/config_design_3_model_2,0.6998,0.6826,0.6861,106,P4 L=95-125,GVQQLQQLALTAIANRQYASLKAQRLALSAEATNALNNAYKQSKALTIDEKLELAEELGLSFAQIDTFFKNKRAAANARAAKKAGAIDTAQQACAAAIAALAAKLL
8,HD,GCTTAATTAGCG,Phase4,p4/p4_006/config_design_17_model_6,0.7188,0.6784,0.6865,120,P4 L=115-145,PAASALNQTAAVTLTAAQKALLTAAADAVIAELGINAAISEALQKSLAAQVGLTVEQVKTWFQNRRANARSKALKELMGKANYDSIVTAKAEKKTAIVKNLQSLLQDAENLVQNNLKAQA
9,HD,GCTTAATTAGCG,Phase4,p4/p4_001/config_design_5_model_4,0.6538,0.6768,0.6722,91,P4 L=85-115,RSARSEEQLAVLNANADLTLSGKEKLTLADQIGLTQAQLINWFANARSRKNKADGQLQQEPSLNQLLTYISLARAKEVPNALLQKLADKAI
10,HD,GCTTAATTAGCG,Phase4,p4/p4_006/config_design_0_model_7,0.6593,0.676,0.6727,128,P4 L=115-145,TRAPFTAAQQAKLDAFVDEHLANLYPSTAEKARLAKECGLSVADVNAWFANRRTKVNAVLANASAFNTSPEAIKSAAITVIEQLSAAGKVDALNNHITAIEASIATTTNAALQRAYQTILVKAKALLA
1,HSTELO,AGGGTTAGGGTT,Baker Lab,HSTELO_specblock_design1,0.8308,0.6544,0.6897,143,target-specific DNA + specblock,GARKRRTPEQRARLAAAFLANPRPNVAEKEALAAELGLSVAQVRAFFQVLRHAQRKFQEMQTIPLDPALAAMTIEEQKAWALKVLTEELGLSEKQAKIKINNTRNLVTTIRKYLPEAAGVPDRVLWARGFQLALRKERAKKEA
2,HSTELO,AGGGTTAGGGTT,Baker Lab,HSTELO_specblock_design14,0.8308,0.6544,0.6897,125,target-specific DNA + specblock,SMRIKRLPASARAILDAWFEAHLDNPVPSEEEREELLRRCNVPGLTIENIVNWFHNRRRMYKEGWTPEKKPRTVRTPEQRAILDAAFEENPFPNGAQRRELAAQTGLTVYQVRLWFDHRRRKAKK
3,HSTELO,AGGGTTAGGGTT,Baker Lab,HSTELO_specblock_design18,0.808,0.6496,0.6813,125,target-specific DNA + specblock,MMKIKRLPASARAILDAWFDAHRDNPVPSEEEIEELLKQCNVPGLTKENIRNWFHNRRRMDKEGWVPNPRPRLRRTPEQRAILDAAFERNPFPNGAERRELAAQTGLSVYQVRLWFDHRRRKAKK
4,HSTELO,AGGGTTAGGGTT,Baker Lab,HSTELO_specblock_design27,0.8822,0.6311,0.6813,140,target-specific DNA + specblock,RKRTALTAEQKAILDAAFKRNPRPSREERERLAEETGLSVKQVRNWFNNRRRQERNAYLKKEFPLTPEERAAIAAQVRAELAAQGIVLSKKQLQNRIRKAYIEAREKKLAEALGGDRAALLALPGVGERTADRIISLLEK
5,HSTELO,AGGGTTAGGGTT,Baker Lab,HSTELO_specblock_design13,0.8094,0.6205,0.6583,125,target-specific DNA + specblock,HMRIKRLPASARAILDAWFEAHRDNPNPSDEERRELLEKCNVPGLTIKHIVNWFHNRRRMAKEGWTPEKKPRTVRTPEQRAILDAAFERNPFPNGAERRELAEQTGLTVYQVRNWFDHRRRKAKK
6,HSTELO,AGGGTTAGGGTT,Baker Lab,HSTELO_specblock_design36,0.8661,0.6105,0.6616,127,target-specific DNA + specblock,RRRRLTPEQRAILDAAYKENPKPSLAQREELAEQTGLSLEQVRNWFKNRRRKDKIEAREKEIEAEAGITLKPASRAPRSAEQIAILDAAYERTTRPNRAQLEELARQTGLRITQIRNWFQHRNRKDK
7,HSTELO,AGGGTTAGGGTT,Baker Lab,HSTELO_specblock_design9,0.898,0.5894,0.6511,137,target-specific DNA + specblock,KKRKPRRKRTAEQKAILDAAFAENPTPDKATLERLAKETGLSVKQIRNYFRQRRYQDLFQQKVNGVKRSYGSIVRLKKLLEELLAKVPELKGRKLSLQEVIDLAAQVFADMSTEEIQALTTKEMAERMAAYVVAQLK
8,HSTELO,AGGGTTAGGGTT,Baker Lab,HSTELO_specblock_design43,0.8228,0.581,0.6294,144,target-specific DNA + specblock,SRSKRPPEARAILDAWFEANLENPWPTVEERKELAEKTGLTVKQVRNYFQARRRKYRVEQYLALRFPALTPEERAACIREALAEARREHPDVPQSTLIGNLRSAVATAYNRDVLKEEVRPLTPLAAALLARLERLGAEAAAAKA
9,HSTELO,AGGGTTAGGGTT,Baker Lab,HSTELO_specblock_design6,0.8752,0.5639,0.6262,134,target-specific DNA + specblock,MRRRRTAEQRAALDAAYEKNPFPNTEEIEKLAEELGLTPEQVRTYFRNRIRNEAVKRLKAEIAARKPGLKITLSDIAAEMSKMTGKKVTDGNVYSLLGAKRRAELTPDRTLTPEQAAKWALLQEAIDRLLAKKS
10,HSTELO,AGGGTTAGGGTT,Baker Lab,HSTELO_specblock_design79,0.8265,0.5595,0.6129,134,target-specific DNA + specblock,GAADAAAARAAEIKARLDAAFARASRLNGAERAALAAELGLTVQQVRNWFNGRRYAEKVAAAKAAFAAANRLDTPEGRAALAARKAAARPDLDALFKEKPKLSREEREELAAKYGLSVYWIQNWFKNRRRQAKK
1,HSTELO,AGGGTTAGGGTT,Overnight,HSTELO_config_HSTELO_2_model_0,0.6557,0.6392,0.6425,133,"default (L=120-140, 1BNA)",TTITVTKAELIALVEAFCADVNISFETLRTLIASKASKSAFSIADLVKAFEERHPAIKLIVNQANQHKAQNRVTFPQSAVDMLDALLVQKDYKPPTKAERTALAKRTSLTPAQIATWAANRRSNLAKKKAKNK
2,HSTELO,AGGGTTAGGGTT,Overnight,HSTELO_config_HSTELO_19_model_3,0.6541,0.6001,0.6109,132,"default (L=120-140, 1BNA)",VATLTLAQIAALDAVATKYNLYPPKSVITQTAAKLGLSVRQVTNWLNNQRDKAVRLGKLPVAPARTTFRAILLQEGLSKDEIKERINALQAAAARPMSKSAAAKKVAEEYFESLGKQAPEAIGEARASYIKR
3,HSTELO,AGGGTTAGGGTT,Overnight,HSTELO_config_HSTELO_17_model_4,0.7421,0.5606,0.5969,129,"default (L=120-140, 1BNA)",LQPSNIGALQANLTDENKISKAKKSAIATLNTAAAAYSTLGNEKKAQNKLAAAQFLKLETTQARKNALSRSLARAKALTTNSEISALKTAVTNYQTLTQFHEKQNNNEEAAAASENLDATKVRLQQLSA
4,HSTELO,AGGGTTAGGGTT,Overnight,HSTELO_config_HSTELO_23_model_1,0.7776,0.5566,0.6008,139,"default (L=120-140, 1BNA)",TLKIDWAKVLAIAQNNPSLLSPMIQEAIALKSRGFSFAEISEMLTAKGYPAKSASTLANSVRNTSLNVLAKAGDAAAALAKKQHNESIQTARKAVDVGTATFIALGGDSAAVAQHLQEDFGLTLNEAVITVNNLAAKLN
5,HSTELO,AGGGTTAGGGTT,Overnight,HSTELO_config_HSTELO_17_model_0,0.6918,0.555,0.5824,129,"default (L=120-140, 1BNA)",ALDADKKLALKAEAFKIANDLLAEKGPAKTSTVEIADALVKKGFSEACAKAAVAQYVPAILSAHRSKETNAAASLTISLLKKGMTDKEVIKQELLKAGISEAAILHVLSQWDALVQNLKLAEECAALAN
6,HSTELO,AGGGTTAGGGTT,Overnight,HSTELO_config_HSTELO_5_model_1,0.7403,0.555,0.592,132,"default (L=120-140, 1BNA)",QNLKEQLDLLEAQKDTLLAQYNDALAEIKAEIDATCTRVKNECVNKTVDEIIDFLKEEGVDLSDASEESLRRKAQDGAPKAYLVKFACTCVKNKIVKEAALAPLNGKSAALATEVNNILLQLQEVQANAEQR
7,HSTELO,AGGGTTAGGGTT,Overnight,HSTELO_config_HSTELO_5_model_5,0.6252,0.5462,0.562,132,"default (L=120-140, 1BNA)",MSDERAEEIRSAVLAVARKDQKKAITPAHINAAAAELGVSEAEVANALKATQPVVKATPKRSLEENKVLVLKVLAQNGPATAGTIAKATGLSQAAILKVLNILTSQGYVTKQKVGKNTLYSLTPNGQAYLRQ
8,HSTELO,AGGGTTAGGGTT,Overnight,HSTELO_config_HSTELO_24_model_7,0.8122,0.54,0.5944,137,"default (L=120-140, 1BNA)",GPLPQLSPALCRQIVALVKALKASIPRISTLTLCKLAADDLSVSVSSVIQALKNTNPALYAAVMKASANQAAANAAKNTMRKALKERKVSLSDQLAPADVEEIAKAASAATGLSFSSAVSILNNMIAAAKLQAALQK
9,HSTELO,AGGGTTAGGGTT,Overnight,HSTELO_config_HSTELO_6_model_0,0.6591,0.5375,0.5618,128,"default (L=120-140, 1BNA)",LSPHQAVILTALDALAPYVPAAVQAARAHFMSEGGLSLALLKEILAAARAAGAPAQAIAALETLITDAEINSENAKNQNASLAADARKLGIALPALVMKARQLFRVKSRGKAQALSANILKTMAKILN
10,HSTELO,AGGGTTAGGGTT,Overnight,HSTELO_config_HSTELO_14_model_2,0.6264,0.5288,0.5483,131,"default (L=120-140, 1BNA)",DLQAAVLQKRVNSLVANAKRRLAIQASGLPASTQTAIKMRVPGLTAADYARAARLLKEGLPLESAVDILLSQKESQLQFAAASADQLAASKAEQDRLEHLAAAFAQLPAAAAASLKEKAQLEAAARLADLA
1,HSTELO,AGGGTTAGGGTT,AutoRes,exp025/config_HSTELO_4_model_6,0.7734,0.6002,0.6348,157,exp025,GSAVNQIIAAREKELILLAKHTSNVNDFVNKHMLAIISDLKALGITGFDPLVEKAKAELLSKCQINVIKQNQRNERVKKFKEDHSDVIAQAYAAAKQYVSDSAKLNQIVQTLTNLVTNQKILASQLVAAAQIAAHFYAATGKTPSSSEIMALISDAN
2,HSTELO,AGGGTTAGGGTT,AutoRes,exp021/config_HSTELO_8_model_6,0.7701,0.5995,0.6337,166,exp021,RAGTDNAKLLGQDAALAANPTQEQAKTLLAELQSQSLQLEQAIASLKVEEQKAAKSFSEAIAALLAKASPEEQEAIAELNRQINSLQTQYLSSPNADIKAALKQASVSHNARLKALIDRASPAERATLDALKKAYNSNKATKSKLAKALAFSLGAIEALEALLAAQ
3,HSTELO,AGGGTTAGGGTT,AutoRes,exp021/config_HSTELO_9_model_4,0.7345,0.5955,0.6233,197,exp021,ASAKAAKLTAEQNRALTRLLKAIIDAKGADGIDDLTLQKIAAALSVTPAAVKANLQSTLATQAKLDAIQEQASKALSPAALQQLANIEATFVPSLVALAPGLTADEILTAILSVVNENPDLSSKSIVEAAAAKLGKPSVTADVQLVNRVLSKTFDLCKALAIAYDGQEIKALSIDLVKAGKSSNEIVTQCIQHAIAQ
4,HSTELO,AGGGTTAGGGTT,AutoRes,exp022/config_HSTELO_9_model_3,0.7161,0.5838,0.6102,182,exp022,LIASLDNQLADLSLQVPATVSAEIAAHEKLVAACLKPQLEALGLSGAEARTLVAIHELLKAEPLSAAAIAQALGVSAASVSNVLSKLEAKGLVAKVNGAAATYSLTQKGLAILPQIESILALQDALNANRNPLATKIKARLCAIATYKQKLLNGEMSEEQFNLRANKAYTLTNQELEKYNNL
5,HSTELO,AGGGTTAGGGTT,AutoRes,exp025/config_HSTELO_0_model_5,0.7061,0.5724,0.5991,146,exp025,MTAKEKALAEKIIQLLSANPNLSQATLAKKLGVSQKTISQKIKKLTQEALLPVEAQQAINRANAKKAAALKLRTQAIAAKYSVNAAELKAAIDKFAKIDADKAKAIGKSHTSTKAEILALLLNVPQSEVQQIFVESAKMSKALAKA
6,HSTELO,AGGGTTAGGGTT,AutoRes,exp012/config_HSTELO_1_model_0,0.7213,0.5715,0.6014,169,exp012,GSATTFITILLKIEQQRESLGLTQQDLADLLHVSHTDISNLIKIITAKNVNNLTGSNTDVLTQLCTKFSYQSDIPVLLEVAQNALIRRNERMQKHKARANSFYDACRKHAIQLGVDTSDITQARIIAFSKLINNAHLEANPNQRLTDAEKIAAIASVLHLEHLKIQVAN
7,HSTELO,AGGGTTAGGGTT,AutoRes,exp023/config_HSTELO_3_model_0,0.7376,0.5657,0.6001,182,exp023,GQNIALAAAIAAGDAAAIAQLKKLATQTIKAAGVAAATLASIAQAIGLSAATVSLALKLANVTLALLKALAARSTLAKQKKAAAAAAHPAAVEALQALKTQAAILLKSLSAASQTTLLNAINAACSLLLINGPAALATAKAILDATFNKTLASLTNADEKAALLELKAFVLAKLDELADILA
8,HSTELO,AGGGTTAGGGTT,AutoRes,exp014/config_HSTELO_3_model_0,0.7376,0.5645,0.5992,182,exp014,GQNIALAAAIAAGDAAAIAQLKKLATQTIKAAGVAAATLASIAQAIGLSAATVSLALKLANVTLALLKALAARSTLAKQKKAAAAAAHPAAVEALQALKTQAAILLKSLSAASQTTLLNAINAACSLLLINGPAALATAKAILDATFNKTLASLTNADEKAALLELKAFVLAKLDELADILA
9,HSTELO,AGGGTTAGGGTT,AutoRes,exp022/config_HSTELO_2_model_7,0.7532,0.5629,0.6009,195,exp022,ASTAELALAVLDQFHGQGILSEKTKSLIQVLLQASSPLTLQQLADQLSVSIATVAATVTTLSQLGLVKKTATGYQVDVVTAEALSALKANAQANKAAHQNRINTTTQALEWLAKEFPQLTKAEIKKIITDTVRALQALGLYDGMNFASVAKTILLKYKNSKSQEAIAKELRISLATVEVRVSAVNEILDELRLRG
10,HSTELO,AGGGTTAGGGTT,AutoRes,exp024/config_HSTELO_10_model_2,0.674,0.5628,0.5851,160,exp024,GLSEEQKSAIQLILALLSSNPNIKASVLREQAKNELGLSIPVITKAYSTVVKSPALAAEYGSSKAVDIAQERKLTAAQKALKDKQALDSKINQTADLLAELVDAIEAGDEATATAIVAEIVDTTNLSAQELKNAIAQTAAQRSLSSETTQQAVKVTNLVL
1,NFKB,GGGGATTCCCCC,Baker Lab,NFKB_specblock_design66,0.8619,0.7532,0.7749,137,target-specific DNA + specblock,MVIKRGKWTPEEIAAINALYARNPHPDRAELEALAAELGTRTPQQIRDYIRRVIKGEELKKADPELKAEAEELKRRRRALGLTQADVGRLLGERFGEPRSASTISRIENMQVTKAGFERLLPRLVALLDALEAEAAA
2,NFKB,GGGGATTCCCCC,Baker Lab,NFKB_specblock_design82,0.8802,0.7525,0.778,126,target-specific DNA + specblock,RPWLTPELRARIEALRREYGTDYERIAARIPGVSAGQVQAFAREARIAAEQAAHPAEYAELRAEAAALKARRDALGLTQKDVAEAIGRSQGTISRFENCRMSIATLRRLGALIRAYLDEVEAARAA
3,NFKB,GGGGATTCCCCC,Baker Lab,NFKB_specblock_design65,0.8669,0.7178,0.7476,137,target-specific DNA + specblock,MVIRRGKWTPEEIAAILALYAKNPHPNDAELEALAAELGTRTPQQIRDYIRRTIKGEELKKKYPELKKIAEELKRRRKELGLTQADVGELLGEEFGTPKSASTISRIENLKITKSGFLKALPRLIALLDRLEAEAAA
4,NFKB,GGGGATTCCCCC,Baker Lab,NFKB_specblock_design89,0.7696,0.5963,0.631,121,target-specific DNA + specblock,ARRRRPRTAEEDKIIREAYAKNPKPNEEELKELGELTGRSVEGIRDYIRRYLNPKNRPTPEQLARIAALRARRAALGLSQAEVGEALGRSQSTISRFFNAKLSPAQIDRIAPQVEALLASR
5,NFKB,GGGGATTCCCCC,Baker Lab,NFKB_specblock_design83,0.8494,0.5844,0.6374,126,target-specific DNA + specblock,GKSYSDELYEKIKELRKIYGKDYEKIAAELPGVTKYQVIRAMREGRLKEKKAEYPEEYAKLEVEAKELKERRKALGLSQKDVAKAIGKSQSTISRFENVKMSIEKLKKLKKEIEAYLKEVEKERAA
6,NFKB,GGGGATTCCCCC,Baker Lab,NFKB_specblock_design80,0.8833,0.5574,0.6226,128,target-specific DNA + specblock,APRKRRRRLTPEQKAAILAAFKKNPYPSDEEIEALAAEIGRSPETVRRKFRDLRRGVKLRELLKLPYEDLPSHLAPHTRVLLKWFSENLDNPYPTKEEVEELAKETGLTVKQVRNKFSQMRTLYKLVS
7,NFKB,GGGGATTCCCCC,Baker Lab,NFKB_specblock_design79,0.8556,0.5206,0.5876,128,target-specific DNA + specblock,KKRKRRRRLTPEQKAAILAAFEKNPYPSDAEIEELAARIGRSPETVRRKFQELRRGVRLRELLKLPYEDLPEHLAPHTRVLLKWFAEHLDNPYPSKEEVKELAEKTGLSVKQVRNKFSQIRSLYRRVS
1,NFKB,GGGGATTCCCCC,Overnight,NFKB_config_NFKB_24_model_6,0.8383,0.6445,0.6832,133,"default (L=120-140, 1BNA)",TRKITLTDRDAQILDILQERYSGLTPSATARKQIAIELNISEATVSSHFKKLRKAGLVTAKAAGARALTLTDAQREKIADIAKVAYDMCQQQGVSGINQKIVANFIQELIKQGVSLDELTAEYIVSEILKKYA
2,NFKB,GGGGATTCCCCC,Overnight,NFKB_config_NFKB_3_model_0,0.8251,0.6159,0.6577,122,"default (L=120-140, 1BNA)",GSVADEVAAIVNTAKSNLEIKIAECKTNPTYNKFVAIRNTIGATASSIKKVLLHTISNELAALIAAAIKSALKDMYQADLTAVKDACKAEQLEFNAKNRLQRLTNELAAAQSQINVETLLIS
3,NFKB,GGGGATTCCCCC,Overnight,NFKB_config_NFKB_5_model_7,0.7615,0.6115,0.6415,123,"default (L=120-140, 1BNA)",GALAAQNATVRQVAKVAELHAAGLSQKAIAQKLGLSVATVAAYMRAHEKYGNSEALKEALQQPRVRSSNLVKFNAKCAEVGLTQAQLAAKAGISQKTLSNICQGRQSPSNKVKAVLAELGLAL
4,NFKB,GGGGATTCCCCC,Overnight,NFKB_config_NFKB_17_model_2,0.5711,0.6026,0.5963,129,"default (L=120-140, 1BNA)",SAKSSLASVIKSIRKQNGLSQQQLAELLAISRSTVSQAETGASLSLANTASLAIKVAKAFNVSTAALAKLASVPASWIAQVLDEKRIRANLQRQQLNRIVLQQLIAINEADQKALAESLALIANTAAAN
5,NFKB,GGGGATTCCCCC,Overnight,NFKB_config_NFKB_13_model_2,0.7181,0.5991,0.6229,135,"default (L=120-140, 1BNA)",GAQSLIDICKKNDLSAASFANYIANQKLAIKRPPISTLPEQTRTTVKAMKVIRRQAKQANPLLRPSKQEMIAMTADKLSCSEPTVKTHLKQYADWNKAASSEINLAALAHFSNLSMDETSALCEEAKLLWSNKKQ
6,NFKB,GGGGATTCCCCC,Overnight,NFKB_config_NFKB_16_model_7,0.7836,0.5972,0.6344,128,"default (L=120-140, 1BNA)",PVFSDLNSAISGVLNAVRQAMKEKGMKFTLAVLKDQIPTIVTLLVKQGYNALLAEVAVTNFIDKLIKAQEKKTAFLVEKLQKSVAELQQDLEELKALHEAGEVSEADVNAAQLLLSALQAKLATAEQR
7,NFKB,GGGGATTCCCCC,Overnight,NFKB_config_NFKB_19_model_7,0.7836,0.5926,0.6308,123,"default (L=120-140, 1BNA)",AQSIADNLQQNYLNDINATVRGQFNIMKNQLISNACPDQASQYNNIIKEINDLRAQLGISVPASNILTLLKQQGDIDTYNKLQQLVASRQNIAALISTQLKDSGLLSKLKAERRKMKNTLLAA
8,NFKB,GGGGATTCCCCC,Overnight,NFKB_config_NFKB_5_model_3,0.7639,0.5892,0.6241,123,"default (L=120-140, 1BNA)",AATITRQQLTEALNELGLSRKVIQQILAGSKLPSAEQQQSIADMLDVSVSAVLQEISRLAKEFQREQTANRAAAIEARAPLVAALAQQGLSQDEIAAALCVSRHTVSITLGVLRKQGILPKPA
9,NFKB,GGGGATTCCCCC,Overnight,NFKB_config_NFKB_16_model_0,0.7377,0.5867,0.6169,128,"default (L=120-140, 1BNA)",LNSTCNKILSQLEKSPNASITSAALAQELGVSQDTVAAAFAHLKEQLGSKDQILLEVATKCGIEEEVKLSLKLKRMAQQAFNAKTSQIAQALKQNPEMALTSLAAQFSISETTVQNKRATLLKSGIIQ
10,NFKB,GGGGATTCCCCC,Overnight,NFKB_config_NFKB_10_model_0,0.5638,0.5783,0.5754,130,"default (L=120-140, 1BNA)",MITIASLATVVKLAKKKSISSAQAKAIHEKTAGLIAELAKELGVSNAEITKQALAAANLSKAANEVNSLADAIGVDEITQDDVEAIASTTGRTIAEVLKIIANRKNCLQRQEAQIASINLEQVLALQAAQ
1,NFKB,GGGGATTCCCCC,AutoRes,exp002/config_design_3_model_3,0.7236,0.7978,0.783,98,L=80-120,ARVRVVRTPAQIAALLAAADQYASQGLSAAELNDLALRVGLTQAQVENWFANRQRKVNGRPSPTAAERANRKLAKNKNAAENAEALKASLNLLIDANM
2,NFKB,GGGGATTCCCCC,AutoRes,exp025/config_design_7_model_7,0.5404,0.7474,0.706,114,L=80-120,MTAAQKAALAAALAAGALTAAQQAALAAALGLTVTQVKNWFANARAKANQPTTSAAALAAAAAAAAAAAAAHAAIEAAAGSLAAVKAALAAATGLTVAQVSNAIANAINAAAAA
3,NFKB,GGGGATTCCCCC,AutoRes,exp004/config_design_1_model_7,0.7806,0.7411,0.749,148,L=140-180,DKQAAFAAGKAAAADAVSLLAAQDPAALAALAQQHVDAAEAALQARQQRAALLTPDELAIVADIRADAIDLVDQLIDAGKLETAGAEIVAFIDAELAVAGLSEEQAKIVRKSVCSAAAGIIARKTNPLSYAFAKGNGTALSAALAAAL
4,NFKB,GGGGATTCCCCC,AutoRes,exp011/config_design_5_model_2,0.6529,0.7379,0.7209,106,L=80-120,GTRKVFTPAQLAVLNAALQKALDAGPLTQAELAALAAEAGLTVAEVQAWISNQLTKQTNPDHAALALAARVSSLVCADGLTQEEVAEMLGISVATVKKYVATAQAL
5,NFKB,GGGGATTCCCCC,AutoRes,exp016/config_design_6_model_2,0.7831,0.7365,0.7459,83,L=80-120 is_non_loopy=False,AKSGAQKPFVCPECGKSFSQRSNLNAHLQTHVDQARHASGEKPYTCPECGKSFSRKDHLTRHLKKHTTGMSSAQIIAHVAALK
6,NFKB,GGGGATTCCCCC,AutoRes,exp009/config_design_9_model_1,0.6453,0.7306,0.7135,105,L=80-120,RIVLTAEQALALKTELAKGALSADQIQALANKFELTVNQVLVWCSNERAKMNNKSSVNVRKMAQQYKPDITAETLQTHIQEYRKANNSSVFSAAEIAAYLQAIFS
7,NFKB,GGGGATTCCCCC,AutoRes,exp025/config_design_3_model_0,0.6275,0.7284,0.7082,106,L=80-120,AAAAAATGATIKALRKAAGLTQAELAALLGVSQATVSKIEAGAAAPSAATLAKINALAPAAVAAQAAALAAHNAAAKAAAAALGLTGLSAAQAAAVVAAAQAAAAA
8,NFKB,GGGGATTCCCCC,AutoRes,exp003/config_design_5_model_4,0.5567,0.7278,0.6936,126,L=100-140,ARIAFSAAEKATILAHVQANPKPNHADFAAIAKITGLSTKAIKNWIGNAAKRGIVNREQNNQLVKRIKITSLAKQVYKEKAAALEAQGISSKALSKAITELAIDASKTVITSEEVSDAAEEVLAKL
9,NFKB,GGGGATTCCCCC,AutoRes,exp023/config_design_3_model_4,0.707,0.7261,0.7223,110,L=80-120,AADALLINQAKNNTLAAIQALQRKAGVRLSQATIADALGVSQKTISLIFKLNNLKINSRKQTRLAKGETVSKISEEDRNELIAAIMAATGYQDEAAALQAYNQALVEALD
10,NFKB,GGGGATTCCCCC,AutoRes,exp025/config_design_5_model_3,0.6853,0.7241,0.7164,102,L=80-120,AAAAVVAAALKLFAEQGYAATTNAAIAAALGLSAAAVSAALAALFGSKAALAAALAAQAAAAAAATDAAVAALPAAAQAAFAALAPALGKAAALAAVLAALA
1,OCT4pt1,GGTGAAATGA,Baker Lab,OCT4pt1_specblock_design16,0.792,0.6464,0.6755,135,target-specific DNA + specblock,RRVRTPEQRAILDAAFARNPEPNEEEIEELAKQTGLTPKQVRNWFKNRRRAVKDAKKPPPDPFVVRFRELRKQLGLTQAEVAERLSELLQAAEGTTISQSTVSRFERQRLGPSGVAKLRPFLEQLHAEWEAELAQ
2,OCT4pt1,GGTGAAATGA,Baker Lab,OCT4pt1_specblock_design21,0.8667,0.6304,0.6776,135,target-specific DNA + specblock,MKGGRFSDEAKAILDAWFNAHLDNPYPTDEELEELSKLTGVSIKSIRNYFKYRRRVYRGAQAPAEVHAFAAEFRALRKALGLTQAQVGREVGERYLGRPLSATTISRFENMRLGPGSIARLLPALRRWAAEQRAK
3,OCT4pt1,GGTGAAATGA,Baker Lab,OCT4pt1_design4,0.8312,0.6215,0.6635,146,target-specific DNA + specblock,ARRRRTRSAEQRARLDAFYDELRAANPERSGKFTAEELERIRALAEELGLSVKQVINYIKNRRKLERAKAYAAANPEEVDALVALIREAMARVSEMEGRRVTQAEFAERYLGISGSTLSQILNKLRVPSAETRARILAAVAEIEKL
4,OCT4pt1,GGTGAAATGA,Baker Lab,OCT4pt1_design1,0.8804,0.6169,0.6696,121,target-specific DNA + specblock,MRSKPRRRTPEQIARLEAAFARNPKPNTAERQALAEELGLSVQQVRNWFNNRRRKVILDEDKAKHTPEEWKEIKAELDEVFAKNKKPNKEEIEELAEKLNVSVLYIRRWFATRRANEKRAA
5,OCT4pt1,GGTGAAATGA,Baker Lab,OCT4pt1_design8,0.8302,0.613,0.6565,133,target-specific DNA + specblock,AKRRKRTAEQKARLDAAFERNPRPSDEELRALAEELGLTFEQVRQWFQYRRRKDEGANLPAEVKARLAEFKARRKALGLSAADLGAYLATLGHPRSATTITRFENARMSLANIEKWWPILEAALDRLEAEAAG
6,OCT4pt1,GGTGAAATGA,Baker Lab,OCT4pt1_design17,0.8992,0.6128,0.6701,136,target-specific DNA + specblock,GRRRRTPEQRAALDAAFARNPNPTDAEIEALAAELGISPKSVRQWFSDRRNVANATEEERRAAALIRQTRQELGLTQADVGALLGELFGTPRSQSTISRFENLRLGKAAFERLKRQLLALLRALGVPEARIAEIAA
7,OCT4pt1,GGTGAAATGA,Baker Lab,OCT4pt1_specblock_design20,0.8614,0.6114,0.6614,135,target-specific DNA + specblock,MKGGRFSAEAKEILDKWFNENLENPYPTEEELEKLSKETGVSIKSIRNYFKYKRREYRGAQAPAEVHAFAAAFKALRKALGYTQAEVGKEVGERYLGKPLSATTISRFENMRLGPGSIARLLPALQRWDAEQRAQ
8,OCT4pt1,GGTGAAATGA,Baker Lab,OCT4pt1_specblock_design17,0.7623,0.6035,0.6353,135,target-specific DNA + specblock,RRVRTPEQRAILDAAFARNPRPNEEEIRALAERTGLTPEQVRNWFRNRRRAVKDAKKPPPDPFVVEFRRLRRQLGLTQAQVAERLSERLEAAEGTTISQSTVSRFERQRLGPAGVARLRPFVEELHAEWRAELAR
1,OCT4pt1,GGTGAAATGA,Overnight,OCT4pt1_config_OCT4pt1_18_model_0,0.8403,0.7151,0.7401,125,"default (L=120-140, 1BNA)",IRTRLNSRIIFTQEQIDVLKKAFELNTNPSEEEKKALAATVGTTAKQVQTWFTNRRTNLSNALIVSNFTQLFGNDALNQLRLQIHQEIEKAVVELCSDLKLSAADTRSAITAAVNNETVKRIKAH
2,OCT4pt1,GGTGAAATGA,Overnight,OCT4pt1_config_OCT4pt1_11_model_2,0.7145,0.622,0.6405,136,"default (L=120-140, 1BNA)",KVVYSDAVLTALNQFFEANPNPTSAEIQQLAQELGLTCKQVSVWFSNRRARAQTKATLNNLKTEEDVASYLNSVLKLQNQTLDILAEINPEIASLRASGLSQREIAEQLGVSQTQVANVFSQASKQARDKLKAHPV
3,OCT4pt1,GGTGAAATGA,Overnight,OCT4pt1_config_OCT4pt1_20_model_0,0.6336,0.6173,0.6205,140,"default (L=120-140, 1BNA)",GLLSLLKKKFAEGKLTLDERIELAKQAQSLTTAEKEQLAAEVNATFADVKNTIANTLASVRKYHNAGLINIPDVTIPTPSPRLNYTLEEIAEIAKALAERGISLSVSTVKDALAGKKKLTQDERAVLSSTLSKLRNAKKD
4,OCT4pt1,GGTGAAATGA,Overnight,OCT4pt1_config_OCT4pt1_0_model_3,0.7322,0.6165,0.6396,134,"default (L=120-140, 1BNA)",DALAEAVAEAQLARTHLKAVMKAYRNFTKTHPNLSDAEIRAWVLSLAGVSEEDVETILQNLQRQRALNRAAASKRRNVLKQVKPEIEEIVAAHLSDSDSELADLVQSLLIQQFPGVSIALSTLKNIIKSIRQDL
5,OCT4pt1,GGTGAAATGA,Overnight,OCT4pt1_config_OCT4pt1_13_model_6,0.8257,0.6071,0.6508,136,"default (L=120-140, 1BNA)",SYSIEQAALINELAALGVTMAQVNVVQTLVGKLSGGKKPSEAIYAQVAAATGIPNVKDALKLLGQINAIAQQTADQKLADKLGISAATVRAHFTKIAAKLGVSGTTAIIEAAQAQPSALTASERKVLTAAKEINGM
6,OCT4pt1,GGTGAAATGA,Overnight,OCT4pt1_config_OCT4pt1_4_model_0,0.7847,0.5932,0.6315,129,"default (L=120-140, 1BNA)",SAEDASLQKAAEKQILNLRSNIAKLEALIASQKGCTAALQKKQRNLQAKIARLEQDPIATVRKVRKKNKTTNAIRRILEQTLGRKLTAQEMASVVKMIEIETGKKISELSDAELLALARDLAKLVKQAL
7,OCT4pt1,GGTGAAATGA,Overnight,OCT4pt1_config_OCT4pt1_7_model_1,0.7417,0.5555,0.5928,134,"default (L=120-140, 1BNA)",DRKSAVMSQLNQAGLYAQLAAALGSPLKAVKLAISNSITRLEQANPDLTASMSSEQLAKIVTTSVLQKTTAPYKAVAQSKAALIKNITSLQKTLALLEKKLKAAPASNQAQYEAQIASVQKNLASLQKALAALG
8,OCT4pt1,GGTGAAATGA,Overnight,OCT4pt1_config_OCT4pt1_6_model_3,0.7775,0.5492,0.5948,130,"default (L=120-140, 1BNA)",KSPNVTIDNIQKNLLIPDSTVNSNAIKLRNLIKNLDPDLLANYAKVNSALNTKVKNTLNIPSKSTLLKQAKNLLRQNLPESNVRSLVQAAQDVAQIVAKLRQNISEEQKNIVAQYACVVRQANDLFKLNE
9,OCT4pt1,GGTGAAATGA,Overnight,OCT4pt1_config_OCT4pt1_11_model_5,0.8215,0.5471,0.602,136,"default (L=120-140, 1BNA)",QIEKASAIDLLTKTLKVSAKTVTKELKKAEIAGLVHIDTDAKTIEIAPGAIDSLVDAISAQRLRQAVNHRKTTADIRKILSEYGLVSQSELGLSLAELKNKLKAALEEAGLAIPAKNPNSWSVAEVKAAAKQIDDA
10,OCT4pt1,GGTGAAATGA,Overnight,OCT4pt1_config_OCT4pt1_22_model_7,0.7147,0.5407,0.5755,121,"default (L=120-140, 1BNA)",SEIEAQQKTQADIQAQQLVALRKQQLQNALAKTPKAAAILNEAAAKNTYADVDAELKTAIAAAANLTLKTVSTWFNSKRAATAKKLLKENPDITSTELMAQTGISNASRAKIKKMNLKKNM
1,OCT4pt1,GGTGAAATGA,AutoRes,agent_exp019/config_design_6_model_0,0.9084,0.7001,0.7418,155,L=140-180 infer_ori_strategy=com,GAEARASLLKDKIARYAVGTTSNAVTQLALALNSLGKAYVRNGDHSQAISALEAAIGLLDPLSPTFAASYVTALNNLGNAYSKAGKYVEAIKAYQQALKVAEKFSPTLKIDALTNLGVTLLKLGNAAAAKASLMQALALDPDHAAALATLQTIAA
2,OCT4pt1,GGTGAAATGA,AutoRes,agent_exp017/config_design_0_model_7,0.9103,0.6614,0.7112,180,L=160-200 infer_ori_strategy=com,ANDAIATTAKKLLAAGKTYLNSQKYNEAISCYTSAANIYASLSDSNNAGVCYNNLGNTYTKMGNTAKAVKSYQAALICYQASGDVANTANAYANLATSHIKAGDQSSAVAYINNAKALNDSLTGDGKATALNNIGNAYNTLGNKAQAIAYYKQALATANAANNTKNVKACETNLAAAQAA
3,OCT4pt1,GGTGAAATGA,AutoRes,agent_exp023/config_design_6_model_1,0.8588,0.6557,0.6963,148,L=140-180 infer_ori_strategy=com,SALERVQAAEVFLATGNAHTSQKSYADAIANYEAALEEFFSALGADDPKALACQNNLALSYLGLNKYDEAIACYTELLAIARRIANLGALANAYNNIGNCLQQKNNSDAALTNYKLAIACYLQANANPSIVPYQKTLKNLSLTESMLQ
4,OCT4pt1,GGTGAAATGA,AutoRes,agent_exp017/config_design_1_model_6,0.9195,0.6536,0.7068,177,L=160-200 infer_ori_strategy=com,QAVADLIAENKIDEALDYFNDIISQSGTVDEQLINNAISLAKQLIKQEKYEQAIKLLQLVIEKSADHPLAPKLYIILGNAYLKMEKYLLAVTAHQQAIQIIQAHSPNSVSLANAYQNLGNVYKSQLDYAKATECYKKALEVYEKILKLNPSNAAAKSKLSVAKKNIQATNLQIDALS
5,OCT4pt1,GGTGAAATGA,AutoRes,agent_exp021/config_design_8_model_5,0.8858,0.6521,0.6989,213,L=180-220 infer_ori_strategy=com,SKAAQVQANKAHKLALASTYLNLANALINNGNLADAASCLNNAGYQYLKIGDYKSAIQAFLSALDLLPTSSVECADALNSLGIAYYNLGQYSDAIQSCTNAINAYITAFGSNALSDSDLANAYFNLGLALYNLHNYDSAISNYKAAISLAPNSPSTATAYNNLGLAYHQLNEYTKAIASYQQALDAYSKLAHPNKACVKTTSDNLKTAKNLLS
6,OCT4pt1,GGTGAAATGA,AutoRes,agent_exp021/config_design_7_model_1,0.8858,0.6489,0.6962,207,L=180-220 infer_ori_strategy=com,AGQLAALQLNALGKLALQAKDFEQALTLFKMALAIAVDAGAAPELIATCASSLLQAGLKLPAKSAALVAFIEDAQLEAILVALASSGSAELQAQCAQTLLTLGKLYLRAGQHDEAIATLEKTIEILSQEDPSQGNRTAKAHALLSLGLALQRMGRQAEAVLAFKEAVALLPSSSLGVRALKNLIAIHEELGKNAEAQAARDALLALQ
7,OCT4pt1,GGTGAAATGA,AutoRes,agent_exp012/config_design_5_model_0,0.7565,0.6412,0.6643,182,L=160-200,VALSSATLSKILTEALQSLQDPELAALQADLLSVNNQYAQAAAELKAQKKALGIASLSAQIASLQEEILALANSSLAAASLAQAAVLSAQLESLKAELKALADEFKSTSPLVSKLNQLKAQLRSLKITALNYLLAHAPPSLVQQLNDLIAQKEAQKAAALLAARAKSAAQDQALTLIKALAA
8,OCT4pt1,GGTGAAATGA,AutoRes,agent_exp017/config_design_4_model_0,0.8799,0.6405,0.6884,175,L=160-200 infer_ori_strategy=com,ALANLTNGQYDQAIATFDALAQSADPLVQANAYLNRGICFTQAGNYDAAIADYDKAIELNPANASAYLNRGIAYEKAGQYAKAIADYDQAAELGDAATQASAYKNRGVTYLKSQDYAKAVSDYEKALAALQQLSSPNLSAAKRTAKNIASAEEKLKQVEAFEDELAEIANEETID
9,OCT4pt1,GGTGAAATGA,AutoRes,agent_exp027/config_design_8_model_1,0.83,0.6366,0.6753,159,L=130-170 infer_ori_strategy=com,QEDKQQVIEQEALIIQAILSNQNKALLVSQLSAKNNAISVLLNEKNYELAIAGYENQLKSLSGTGKANCYLNIGNCYMQMKKYDLAIASYNLALSLVDENDTEKQAIVYNNIGNALALASKYEEAIACYDIAIALSDKGSTLYSQIAANKANALNEKFV
10,OCT4pt1,GGTGAAATGA,AutoRes,agent_exp016/config_design_6_model_6,0.7297,0.6355,0.6543,168,L=160-200 is_non_loopy=False,MTNEDLNRISSETGITIATAEKITAEALEIANSLKNTSINAVTILNTVLATKAYCEKKGQPFTVNLVVNYLQQILASNLRKKAKRDKALELVDQATLDELSLKLLSAVVNADDLSAAIKNACNKLGLKPSDESIANFAKAITRAKDDNNTIQVHIATRNWLINAIAKI
1,OCT4pt2,GGGCTTGCGA,Baker Lab,OCT4pt2_specblock_design9,0.9002,0.6846,0.7277,135,target-specific DNA + specblock,MKPKRRRRTREQRERLLAVFRENPYPTPEELEQLCEQLSQELGLSKEQIRNWFRNRRRKWKLYKLSGFTLEEFIERELNPDRTPLTAEQKAILDAAFAKNPKPTLEQMIELAKQTGLTVYQVYIWFQVRRSRAKK
2,OCT4pt2,GGGCTTGCGA,Baker Lab,OCT4pt2_design35,0.8672,0.5999,0.6534,149,target-specific DNA + specblock,RGKRTKLSAEQRAILEAAFARNPRPSRAEREALAAETGLSVEQIRNYFRNRRLRQKYQEKVDAALAELHAQGSRLDLTAGSILYVIRSLTPEELATLRRLCLDDPSERVSRIDLGIRALRLLAAQGRIQGITSSQSLLAAVRALIAAAR
3,OCT4pt2,GGGCTTGCGA,Baker Lab,OCT4pt2_design10,0.9016,0.5911,0.6532,124,target-specific DNA + specblock,RKRRRLFTAEQWAILDAAHAKNPNPNEKEIEELAEKLGGVRPKTVRRRFIKLNDVDRGALELVEINGRRRFRIPAASKEILDAAFKRNPYPNAAQLAELSAQTGLSVSTIRDWFNNRRAQEKRK
4,OCT4pt2,GGGCTTGCGA,Baker Lab,OCT4pt2_design27,0.8971,0.5811,0.6443,128,target-specific DNA + specblock,RKKRGKLTEEQKEKLLEAFKKNKKPSKEELKKLAEELNLTVKQIKNWFKNRRYNLKRFEELVAVLPESGCISFEEAVEAMRKIIAARGGNPNTSERNIRNRVGSALALALKLELITRVETEEGTFYCL
5,OCT4pt2,GGGCTTGCGA,Baker Lab,OCT4pt2_design41,0.8891,0.5796,0.6415,128,target-specific DNA + specblock,RRPRGKLSPEQRERLLAAFRENPKPSAEQLEELAAELNLSVQQIRNWFRNRRYALKVFEQLVAVLPESGCITFEEAVAAMREIIAAAGGNPNTSERNVRNRVGTALALALELELIRRVETEEGTVYCL
6,OCT4pt2,GGGCTTGCGA,Baker Lab,OCT4pt2_design42,0.8794,0.5712,0.6329,124,target-specific DNA + specblock,RARRTAEQLAILDARFAERTTLTDEELAALAAETGLTEKTVRQYFTTRRTKQDAEAVAWAKEFKERRKALGLTQADIGRLLGEYFGTPKSQSTISRIENLRLSLANFRRYKPLLEKLLALLEAQ
7,OCT4pt2,GGGCTTGCGA,Baker Lab,OCT4pt2_design6,0.6013,0.4218,0.4577,130,target-specific DNA + specblock,MRGKLTPEQRAALDAEFARRPELTDEEIEELARRLGLTPEQVRRWYKRRRSDLRWAERCEALYGVRPVRREGRRSAEARAILDAWFYANLENPYPSEEELLRLMAQTGLTASQVRNWFSSRRYAYRKKHA
1,OCT4pt2,GGGCTTGCGA,Overnight,OCT4pt2_config_OCT4pt2_10_model_0,0.8072,0.6569,0.687,124,"default (L=120-140, 1BNA)",DQIASLQKRLASSKPVVVKPLTPAQAYERLKAALLAATEPTLLKRAALLGTTVETLRALAAPDNTDLATAQSKYTQLATICAKKNAVQRKIRVKKELVSAQELAAIRNASVKALETADELAPNV
2,OCT4pt2,GGGCTTGCGA,Overnight,OCT4pt2_config_OCT4pt2_23_model_7,0.8421,0.6096,0.6561,129,"default (L=120-140, 1BNA)",PLSAAQEATYVSIKNALASARTAAAKLAQVTKEADEANAIADLMQQITAAVQTLSLQKMQGTLDLAKAEGILQNVRNQLAALVAALPAESKQAYQNQLKARRSANNMRKMNMAASQQLEQALALAAEAA
3,OCT4pt2,GGGCTTGCGA,Overnight,OCT4pt2_config_OCT4pt2_24_model_4,0.791,0.594,0.6334,134,"default (L=120-140, 1BNA)",GVKVGDFSSSEFLARLAALKALLLQTHIQTEGQMASNKDLHNAAIQLLAAELDVPADVIANALLAKTIKHKKTMQRSAELTAALKQQIINNQQTILSQDQIMDIARTHGVQSLSTAYRLAAKAIANILLDLEAA
4,OCT4pt2,GGGCTTGCGA,Overnight,OCT4pt2_config_OCT4pt2_15_model_6,0.8338,0.5848,0.6346,131,"default (L=120-140, 1BNA)",AKKAIRIKLSSAEKQAVLALLTPEEQEALQLAKQKIRQAVNALPAKPQEILNTFNSLTATKGLSANEAKSAIAEKLQLTIKQVSDLIKKANQLINLSLTLDEKQAINKYQKLKQKFLLDNADKFKAKVQAQ
5,OCT4pt2,GGGCTTGCGA,Overnight,OCT4pt2_config_OCT4pt2_16_model_6,0.7819,0.5778,0.6186,130,"default (L=120-140, 1BNA)",NLSSTEKNKKLTAVKARLLTQFPDLSAVTTADREALAAEFSVSLSRLSNLVNNQKVRQAMRLDPAMSNESLAKTTGLSTGRVSREIKSRKTATANANDRRLLLRNEQVAATKEAANERLIESLQANAANQ
6,OCT4pt2,GGGCTTGCGA,Overnight,OCT4pt2_config_OCT4pt2_24_model_1,0.7827,0.5551,0.6006,134,"default (L=120-140, 1BNA)",ALNALYQKLKPLVNNHNRAKRQKTAATRTAEQSALYAQVAAISKALRIAVKNACAALTLEEKVAKAVMMLKAAGLTQSQIAAITGVSTASIQSILLQGKQIEAQRKKKTQAIKTQILTPEQVAELAALVKQLRL
7,OCT4pt2,GGGCTTGCGA,Overnight,OCT4pt2_config_OCT4pt2_11_model_5,0.7916,0.5517,0.5997,140,"default (L=120-140, 1BNA)",SLAAETKQLLQASGITQADLAEMLDVSAATVSAHLKNAIAAGHTNLTSIINFVKSELASRRAKAAAARKRFTAATAQIKPMIAAGVTSFDKIQAILKAAGFSTATAARRAKVFCTMAQNSLTSLRSAKQVLREQADELLQ
8,OCT4pt2,GGGCTTGCGA,Overnight,OCT4pt2_config_OCT4pt2_0_model_1,0.7119,0.5489,0.5815,136,"default (L=120-140, 1BNA)",AELLAEAAMAQEEYKLAAESAQAEAEAAATQQALQQIATASAKLAAERKALLAGVATITSAEVIVIIAQLVANSALSLSQIVAEVKKFAAALGKFTTAPTTTAMLLALERAGHISKSGSKYSLTALGLQQVENAKA
9,OCT4pt2,GGGCTTGCGA,Overnight,OCT4pt2_config_OCT4pt2_9_model_2,0.8115,0.5334,0.589,135,"default (L=120-140, 1BNA)",TQASDLTAAQAELVDRLLQERGTAATSHSELAELAHVSAPTVAAYIKAKALANRKAPAQSLAPSAYAAIAAAALAELKALGYTQITSAAADLVARKIIITGRASFSTAEIAELAELTGLPESVIRRFLFEVSVRL
10,OCT4pt2,GGGCTTGCGA,Overnight,OCT4pt2_config_OCT4pt2_6_model_1,0.7344,0.5327,0.573,120,"default (L=120-140, 1BNA)",LQSAIQKSVTQRLNAIKNALATAPADLTPSAAAIQKSADNVYTNAVTGTAQQPPLSPAAKQENAHIMALIRADPALKAASMTLSAAQALNNKLILITIKQIYGIEAGSLAAARAKLRVKH
1,OCT4pt2,GGGCTTGCGA,AutoRes,alt_exp005/config_design_0_model_0,0.7735,0.6335,0.6615,120,L=120-140,GSLDEELLQYQQLLQQVNSLARTKAALRVQIDQITAADSSDLETQQAVASLQAQQEALDLEIKALTEQIAATYPVLASEKNTANAEKRAAKTQAEVQSQTLQLEAQEKTLQLEALQILQI
2,OCT4pt2,GGGCTTGCGA,AutoRes,exp003/config_design_2_model_2,0.7658,0.6236,0.652,126,L=100-140,FSLAFTPEGQTINQTLSQQLIAGELAATVTEKRKLLRMAHEAFKAGDPVAFVSLYSQAAALSAACSRKRTQLLAKQFDINTAGLNLKQITNALIAHGLLESVPASARPATDLTLNMKAAREAALAA
3,OCT4pt2,GGGCTTGCGA,AutoRes,alt_exp013/config_design_6_model_5,0.792,0.6115,0.6476,138,L=120-140,GKARLPQTELTKTLSKEKGTLISAIMSQYFAENPSQKAELLALNAANQVLAAMVKAGALTATEFNQASTALKQARTAKKNGALKTYLQDHPDVKARLSALNASISAENTALRNKAAAEATDASVKNVEDQEAYLKQLI
4,OCT4pt2,GGGCTTGCGA,AutoRes,exp030/config_design_9_model_6,0.8098,0.6093,0.6494,139,L=120-150,ALAAPVPNVQVLQAKALLKKHYAENQAALTLERQAAIAVLMAAGLSYDTAKATANALITRRVTAQDPEVKQANAIVNKAADERTIARLNALAAKAGLKPVTSRKDVPAMRAQLVEAGVMEPKPAPVTLTAAQIEVKNQA
5,OCT4pt2,GGGCTTGCGA,AutoRes,exp031/config_design_6_model_5,0.7613,0.6085,0.6391,117,L=105-145,LSQLTQAELLALEEDLIATFPSLATLIKHLTNNAKLALRKKAGQVTPLTTKVSILKNLSKGPKTVDEIAAELNLSQGTVSRQLNSLEQKNLIVKNADGSYALTDEGKKYLQEKQANS
6,OCT4pt2,GGGCTTGCGA,AutoRes,alt_exp009/config_design_2_model_3,0.7466,0.6076,0.6354,189,L=160-200,SEATAALEAYRDELATKVAELAALKALIATQRKQALQAILEQLSGETQALIDQIMAQRHAALGVRLNKVQTLAALIGLVQNPSATIAGVSAALQAAAKAAFTAEINADPDLRALANKALSLNQQNNQISNLINEESALAALLQAVTPAAAAALAAALANNADAAATVLKVLEASGDKAAVTAFLLARAN
7,OCT4pt2,GGGCTTGCGA,AutoRes,exp031/config_design_7_model_0,0.7773,0.6027,0.6376,135,L=105-145,AEPQALPRAPAVPSSALQKQIVNAINKLRNSLARKKKLTSSQVLEIAQNLGLSVSTVYKTLNAHNKAVNAARKASYQAFLGTSSLSAGALRAEARRQHTTALLAQGHSQMQIAKALSLKSPSTIAAIVKALNADQ
8,OCT4pt2,GGGCTTGCGA,AutoRes,exp001/config_design_8_model_4,0.7495,0.6024,0.6318,120,L=120-140,ALLQLLQSIIAAKQRHQTAADKLKQAKLAEGVTDAKYQKLADVHAANKNPTAAELAEIAAALNISVKLVAFRFNNNRAASRSKVLKQTDPDAYTANQRISRLRLNLIDAAKSTLQLLSAI
9,OCT4pt2,GGGCTTGCGA,AutoRes,exp029/config_design_13_model_0,0.7906,0.6021,0.6398,125,L=100-140,PAPIPEELRVYITQQVKALLAATNYAPNSAEIASIAEEAMAFNPAYSDALILKHVNSTIANQKRAANSITPANPQTPEEAALKKDLLAKLAAGELSQAEAAAMLGISVKTVQASLRKRNQTIQAQ
10,OCT4pt2,GGGCTTGCGA,AutoRes,alt_exp002b/config_design_4_model_0,0.7795,0.6019,0.6374,133,L=120-140,QNTLLSSIRSLASAAELWASNKKANAKKAAVLAKIAQKLRKKGVTISALSQLLEQKTSATDKSKLADEYGLSVADLAIVLQNSQANAVARKNAKVVQALLDNGLLPAAVQTLAIKLKAKSIAGIVQVIEVLEA
1,PNRP1,TGAGGAGAGGAG,Baker Lab,PNRP1_specblock_design39,0.899,0.7005,0.7402,143,target-specific DNA + specblock,TKRKPRVRLTAEQRARLDARFEEKLVLTDEEREELAKELGLSEIRIYNWFKYRRQKGKKEIAKARGRKKTTPEDTEELYKEHGQTKVKKPRLVKSDEQKAILDEAFKKNPYPNDEEIEELAKKTGLSKVQIYIWFQNRRYRAK
2,PNRP1,TGAGGAGAGGAG,Baker Lab,PNRP1_specblock_design38,0.8975,0.6947,0.7353,143,target-specific DNA + specblock,TKRRPRVRLTAEQKARLDARFKEKVVLTDEELAALAKELGLSEIRIYNWFKYRRQKAKKAIAKAKGREKTTPEDTEELYKELGQEKVKKPKLVKTAEQKAILDEAFKKNPYPNDEELAELAEKTGLSVVQIYIWFQNRRFREK
3,PNRP1,TGAGGAGAGGAG,Baker Lab,PNRP1_design25,0.8345,0.6483,0.6856,127,target-specific DNA + specblock,GRKRRRRRTAEQRAALDAAFEKNKYPSTEEREEIAKELGLTRKQVQIWFQNRRRREKLDALDAALGLPRRHEGPYSAEQKALLDAAFARNPHPNAAERLALARQTGLGLRQVRNWFANRRAKLRAES
4,PNRP1,TGAGGAGAGGAG,Baker Lab,PNRP1_design13,0.8716,0.64,0.6863,128,target-specific DNA + specblock,GKPPKPYNKRTDEQRARLEAEYAKKPKLTKEERKVLAEELGLTEKQIRNWYQNRRYREAKKAVLDEIAALVPECKAQPEKLGPSTIIELARRFLRSHGVEVEEKEKELSLTELRELLETIRRVLAEEA
5,PNRP1,TGAGGAGAGGAG,Baker Lab,PNRP1_specblock_design67,0.8847,0.6399,0.6888,142,target-specific DNA + specblock,GRVYNNSKLTKEEIEERNNILYEWFQKNLDNPYPSKEEIKEITEKIGKISEKSVRQAFSRLRSRNKLWKFVYGKPYDREADHKEWTEEARKILDEWFFANLDDPHPSDEEIKELCEKTGLSPVQIRNWFTNRRFRYKKALKE
6,PNRP1,TGAGGAGAGGAG,Baker Lab,PNRP1_design42,0.7096,0.6334,0.6486,133,target-specific DNA + specblock,GRPPRRPRSAEAKAILDAWFYANLENPYPSDEELEELAKQTGLSVKQIKSWFANRRRRHERAQRLAAGEISTRRVRASAEARAILDAWFFANLDNPRPSAEEREELAAQTGLTVEQVRIWFQNRRLRYKKKNA
7,PNRP1,TGAGGAGAGGAG,Baker Lab,PNRP1_specblock_design46,0.7579,0.6037,0.6346,123,target-specific DNA + specblock,MKRRGAKRRTLSAEQKAILDAVYAKNKYPSAEEREQIAKETGLTVKQVKQWFINRRTKDKYGAPPASERRRATAEQRAILDAAFERNKRPSLEERRELAEQTGLTPYQVRQWFTNRRTKEARK
8,PNRP1,TGAGGAGAGGAG,Baker Lab,PNRP1_design21,0.8488,0.5944,0.6453,133,target-specific DNA + specblock,GPEEIRRKKEEAAAILNAWFLAHLENPYPSKEEREQLAEECGISVKTVRRRFTRLRREYRLAQALGLPFDPNAVPAPARSEEARAILDAWFEAHRENPVPSLEELRELAEATGLSARQLENWFQNRRAKARKK
9,PNRP1,TGAGGAGAGGAG,Baker Lab,PNRP1_specblock_design23,0.8681,0.5921,0.6473,146,target-specific DNA + specblock,KKRRTAEQRKILLDAFLKNPYPSKEELEELAEKTGLSVKQVRLYFIRMRTKFRATFAIMKVIRPDVTEEEVREWLVAYFKVERPRRPTPELLKAYIEAHRDNPYPTTEELAELCQQTGLTPYQVRQRFVNFRQKQAREAKAAAAAL
10,PNRP1,TGAGGAGAGGAG,Baker Lab,PNRP1_specblock_design36,0.6989,0.5764,0.6009,141,target-specific DNA + specblock,MKKPRAPRTVLTPEQRARLEAAFAARPRLTPAERAALAEELGLTPKQVARWFQRRRRRLKEEAAIAELAKRVPGFRYGAPLTAEQRARLDAAFARNPYPNRAEREALAAELGLSLKQVRNWFANRRRKLKAEAKAAAAAAE
1,PNRP1,TGAGGAGAGGAG,Overnight,PNRP1_config_PNRP1_9_model_2,0.769,0.6067,0.6392,138,"default (L=120-140, 1BNA)",MNQTKVEEILAAKGLTALQVIQAVSAAARAGQSRTAFLKSTFGLSEAEAAAVVAYINATNKNANEKKAAQLGLTYKQFMSIKRSRSKQFKALTGISLSAYAAALRAAGKSAEQVAAKIADLKQQFGLKSNAELLKEAA
2,PNRP1,TGAGGAGAGGAG,Overnight,PNRP1_config_PNRP1_14_model_2,0.5822,0.6001,0.5965,137,"default (L=120-140, 1BNA)",MLSDESLQAIGFKAVEIAIQAGRASITSADVATAYKLMFGELPTPAITKVINSLCNAILSAEGVAFPKAANPRPARHAYNNDQLSALDTYFTALLKQGKRNLTNNSLTQLAKTTGLTTAQVKTWFANKRKKVETLNT
3,PNRP1,TGAGGAGAGGAG,Overnight,PNRP1_config_PNRP1_3_model_5,0.694,0.5252,0.559,129,"default (L=120-140, 1BNA)",RVRSDESLNIIAEEAALSLAQVRLIFDINSSHEGVVAAGTRARLVAEALGISMQMAKKILQAIREANDKLQEQKKLTDPVLYQKNVNANLERRAAMTAAAIAKKQAQVDLAIALALKKVNELIAEAAAM
4,PNRP1,TGAGGAGAGGAG,Overnight,PNRP1_config_PNRP1_20_model_1,0.7498,0.5235,0.5688,129,"default (L=120-140, 1BNA)",LLEAVLSPAQAGQIRKVIRENAARTKKKRLTQEETKQIAKAAGLTDNQILQFMEHVKQRNALAAKAARDRQKVAFAAAAQELSALTGLSTSTAFAMLAQEISDLRAQNKGLSHASALQQAKAKLLAKYQ
5,PNRP1,TGAGGAGAGGAG,Overnight,PNRP1_config_PNRP1_4_model_0,0.7838,0.5161,0.5696,126,"default (L=120-140, 1BNA)",AEELARAVRELLALDAQAQASANRKRNSRNAKAALAAAGLDAALPDATKQRLATNARISKAVRQLCDLKTEPTDAQIASIAKTASVSAATAKKAAKNHRAAFLAREKKKAKTNALIALLAALTQQA
6,PNRP1,TGAGGAGAGGAG,Overnight,PNRP1_config_PNRP1_0_model_4,0.7274,0.5099,0.5534,133,"default (L=120-140, 1BNA)",AAKTPTLTDQQKALLAQLKQVMKTMRLELGRSGGLSEAEKMEAAELVGMSTEQLEDILAYQQAKAKRRLATSLQRQAALEAWLKTNSLDPATLSPAEILQARQELKVSQSILAQILNQQQSSLASMLSMCMTD
7,PNRP1,TGAGGAGAGGAG,Overnight,PNRP1_config_PNRP1_16_model_5,0.8228,0.5092,0.5719,133,"default (L=120-140, 1BNA)",ATLTALEKKVKNLLANNPNLSQAQIAALLGISVAQVKAAINSIRAANRARNLEVNQKTKAFLATPLGAEAAQFATNQLQALLQNKGVNLSKVDFQKIIAKLKLKFPHISSAVAGKIVASLVRKEISILKAKAK
8,PNRP1,TGAGGAGAGGAG,Overnight,PNRP1_config_PNRP1_23_model_0,0.6994,0.5055,0.5443,123,"default (L=120-140, 1BNA)",GILNEIEAANAERIALGTMHRQAVAQALSAAEVASLKAQALDIAGGNPAIAKTIFNQMLRAHLAGTEAGNLNQQLATAQAQLTSLRRKALLEEKYPVQDVADALSTTVATVVSAKENIVQRLS
9,PNRP1,TGAGGAGAGGAG,Overnight,PNRP1_config_PNRP1_11_model_6,0.7644,0.5024,0.5548,125,"default (L=120-140, 1BNA)",AMSEARAAYLSLELQVLNVIKELGGTNADQAKVAELVGVSAAFVAHIIAQKRKQIAAVQARRTAAVLLLNEALTTEDIMQIPGIGAATAAKLLAAKDLGLIKPDGTVDAQTITKVLNAIRSALDT
10,PNRP1,TGAGGAGAGGAG,Overnight,PNRP1_config_PNRP1_4_model_6,0.7677,0.4987,0.5525,126,"default (L=120-140, 1BNA)",AVRASALLSLPPADKAQISAALALKNKRLSAVARLSRQTAELQSKFEQGELSVQEYNQKVNALNAELAVLANPAAYNAAIDSLSAVAKAKYQEILAAVSAASKARKAQKIQNTTAAANQVLTAANA
1,PNRP1,TGAGGAGAGGAG,AutoRes,agent_exp036/config_design_2_model_0,0.825,0.6622,0.6947,272,L=250-300,AAADSIAKGKQLIKAGQDAQAQALYEAVLKQFPDTAEAATAALNLGNLYMKQKKYDLAIQHYKKAAKLLPAAAYNNIGNAYLAQGLIDNAIAAYNKALELNPQYAAAYNNKGVAYKAKGKDDEAIADFNRALALNPNYNAARKNLGILQLKLNIPEGALLLNIANTYNSALNLLNKANAALQAGDSQQARQLLEAALASLDSALAQTNDQDVALLSAKLSALENLAQIAEPSEFPSLAQRLVAVAQQLLAVGNLGAANRAQTAAQACTAAAT
2,PNRP1,TGAGGAGAGGAG,AutoRes,agent_exp001/config_design_9_model_3,0.6505,0.6535,0.6529,138,L=120-140,SAVTAANLEAFIATLRSALSLTQAQADKIQAALATFDSITVDEAQNLISNILGKAVQLSTISNAVNSAQKAVAAKNAPKKPRVAFSAAQLNVLELHFAKDPKPSVAARVSLASQLGITASQVKIWFANKRANTRRNQL
3,PNRP1,TGAGGAGAGGAG,AutoRes,agent_exp041/config_design_2_model_7,0.8259,0.6462,0.6822,291,L=250-300,STVAVIAANQANQLISKGNSLTNNKEYEKAIAAFNQAIELNPSNANAYLNRGNALQLLNQYDEAIADFNKAIELNPTFSAAYLNRGNVYVKINKIDEALEDFDKAIAVNPTYSKAYNNRGIVYKQAKKIADAIADFDKAIAVNPNYAAAYLNRGVCYLDQGKLDEAISDLNQAIKVAGSNYANAHNNKGIIYKKQGNLDLAIADYNKAVTLKPTNIAAYNNLALAYFDNKQYNQAIDVYNQALNINPNAPASTYTNLASAYAKLGNLQNALAAYQKALSLKPNDTSIINSL
4,PNRP1,TGAGGAGAGGAG,AutoRes,agent_exp039/config_design_3_model_4,0.8149,0.6364,0.6721,308,L=260-310,AKNAYLKELDQKIAANAGTAAEATAYNNRGGTYFRLKQYDEALADYDQAVALDPNNAAAYNNRGNAYAKLGKNAEAIADYNKAIQLDPNDVQAYNNRGTLYFKTGQHELAIADYDKAIELNPNNASAYNNRGTVYNKLGQVDLALADYNKAISIAQQLDPNSSVVARAYNNRGTAQTKAGKSNEAIADYNKAIALNPNFAAAYNNRAVAYSKQGKYENAVADLQKAVDAAAQNSSLAATNNLATSYNNLALLYNKLSLTAKAISYYEKAVSHYSNAAEKAQQLRAPAIAAASQINAAKVAEKVDSLQA
5,PNRP1,TGAGGAGAGGAG,AutoRes,agent_exp031/config_design_3_model_6,0.821,0.6336,0.6711,238,L=200-240,GAVLDAELAAILQKAASLTQQGDKESAYTLRINGLDALLNNNPNNVSLYNNRGNAYAALNDYINAINDYDKAIELNPKHVAAYNNRGRLYSKQNDNEQAIKDYEKALELNPKSVSAYNNLAAFYNKQKSYNEAINVYLEAISLGAALSAATYNNLISCYLQLNKNDEAIAVFNDMLSKGIAPNLNTYVALANAFEKLERPSEAISLYNNALASNPDANAELKTELLARILALENALNK
6,PNRP1,TGAGGAGAGGAG,AutoRes,agent_exp041/config_design_2_model_2,0.7741,0.6327,0.6609,291,L=250-300,ADNVESNLLNNLAITFKKQNQNELAQSDLDQAIALNPENAGAYNNKGTLAINQKSYASAIADYEKAVALNPSLLVNYYKNKGIIYKKQGKPDKAIEDFNKALALAKTSAAKASVYNNLGVLYSDQGDLDKAEDYFNKSIAAKENYLDSLEAANGSSHPTVAKARTVTTVSQFIYQANIFTAENQYDEAQAAYTKAYATKLKAATSDIAKLKFKAARLKQLSGLAQRQGRADEANSYKAQSQALQLKALYASLSNAKTDAAKATTLLSLAAFYSAQGKTAEANTYLTQAKSL
7,PNRP1,TGAGGAGAGGAG,AutoRes,agent_exp035/config_design_3_model_3,0.8493,0.6312,0.6748,256,L=250-300,GSKKSLETKLADLNAAIQAEPENAALYLNRGNVYLALKRFDEAIADYNKALSLNPTYADAYLNRGNALLKKGRYDEAIADYDQALQLNPTNSSLYINRGNAYKSAGKYDEALADFDQALAINPKNVTAYNNRANLYRAMGEVEKALADYNKALEINPKNTTAYNNRAVLLSALGRAEEAISILNEGLATNSSDRAKLAALYDNLGTILAKLGKNDEAIAAYQKALALYEEQQQVEGVDVTHNIEAINKNLKNINAN
8,PNRP1,TGAGGAGAGGAG,AutoRes,agent_exp033/config_design_2_model_7,0.8104,0.6309,0.6668,308,L=280-320,AVETLLAALDRAVDKEDLAAAAVSYLKLAVIHRNLLNHADALSSLKKALSLANNLDDETRASVYKSAANILNALGRYDDAIDLYKKAAALAKDEDLRASTLFNATITLGNQLLANKQYDQAIALYEKAANSEDASIKATALNNLGNTYLVAKRYEEAIACYKQSIALSSKNPIAKASSLNNIGIAYVQLSKHDEAIALYQEAIALYTASANKPQIAASLNNLGDTYSKNAKHNEAVAAYQAALQLASNNLVLLSASLRNLGNLYANQKQFSNAIAAYSSAAQLNPNNTNISQNLISALQAQLSAELAA
9,PNRP1,TGAGGAGAGGAG,AutoRes,agent_exp035/config_design_2_model_3,0.7879,0.6245,0.6571,298,L=250-300,ASEAQLAQLQAHLNELLGTTDPSSPKVAATASKAAVTALNLGRQATAAAFVGTLTAAADHCIADKRQGTAANAYNQLASLNVQLGAKQDAVQNYTDAVALNPASVNLLASSLKVLASEVLQDAALLAAYKAIMAERKAHTEATRLKLRPTVLAQVAKLAATIGAAAVAALAAALGLLNANASDQDTALDEAVAQLQALTTVAPSAEETAAALDELADTLLNAPATTIKHLAAIQALAEQKGDAATTALLSQAQPLVAAIKAAVLAALQAETAPKDQAIAAALLPLVNEALATASAALA
10,PNRP1,TGAGGAGAGGAG,AutoRes,agent_exp033/config_design_0_model_5,0.8047,0.6241,0.6603,303,L=280-320,LSLAETLKSMADNAFGNQKYADAIAKYEQAINLNPSAASYLNLANALKKLGQYADAITAYEKAIQLDPQNIDAYQNLANAQVKIEQYDDAITAFKKAAALSTDKNLKAKTLKNIGNVHSKMKKYDAAINSYNQSIELAKGTAAAASAYNNLGALYTKMNNLDKAVADYNKAIELNPNFASAYNNLGNLYKKLQNYNEAIADYKKAVDLNPDYAQAYLNLGNTYFDLKKYNEAINSYEKAAQIQPNTLAAANALNNLGIALSNLGKSEEAIASLKQAISILSTYNTTAAAKSITLAKNNISKIT
1,TATA,CGTATAAACG,Overnight,TATA_config_TATA_24_model_3,0.642,0.6108,0.6171,120,"default (L=120-140, 1BNA)",ALNAEQKSILSDFAHANNYSPSAAQKSNLAAQLNLTTAQVTTWFANARSKHNKDLVASGKLPKSVAVVKSAAAELERLQKALANFATTRAARVQLNLYTTNAFENYEASLKIQIQALNQK
2,TATA,CGTATAAACG,Overnight,TATA_config_TATA_20_model_4,0.777,0.5936,0.6303,126,"default (L=120-140, 1BNA)",GVAEAAAIKALFSAIYNQLLTEKLEALTGASVAGMTHADIAALLNLSVAAVKLLVRALAEVAKQSCLDELLSVYPDKSVEQLLSMIAEANSISRANAKLAKEAQDALLAELKSQALELTEALKALA
3,TATA,CGTATAAACG,Overnight,TATA_config_TATA_5_model_4,0.7445,0.5897,0.6207,139,"default (L=120-140, 1BNA)",TSLSAATLAKAVALTQQALAQNLSLADILDTIQAIPGVGPATLKQILLAHFADNDKAAQLIAELDAALSALQSRNQRLKQHVDALMTQLGLSSISISLATFSRKRSDLLAEKGLAGKQATKPLLKEALEKAANEIQQAA
4,TATA,CGTATAAACG,Overnight,TATA_config_TATA_18_model_0,0.6912,0.5857,0.6068,135,"default (L=120-140, 1BNA)",ALAAAQALAAKKTAAIEASLQAVQALSKDDGLTARLQKTLAEKLQALEHALAQNDVVAAKNTCAAISNAVAAAVNSLTLKKILDEGDQQALVQLLKKGVSAATNAVLALTQLTSAAARAAAERKQVTIAQLETLL
5,TATA,CGTATAAACG,Overnight,TATA_config_TATA_21_model_3,0.7499,0.5831,0.6164,135,"default (L=120-140, 1BNA)",VNAALLDAQQLLQELNSDNVSTLSRALLTALLALALSPAKIKEALSSAASQALLNSAIATLNARTDALKGASNSRQNTRTKILNALRERPLTAAELAKLLSLSQSVVASHLRALDKEGLISLSGGKYTVLPSATL
6,TATA,CGTATAAACG,Overnight,TATA_config_TATA_4_model_2,0.8137,0.5828,0.629,138,"default (L=120-140, 1BNA)",ARRKALSAAEKAEAKNLIQKLLRQGVRDVTTVLEALKQKGLAVGYTELAEILTSLGADELALSIEKRAAAHRAAAEKANKIYKEIIETTNATTISEACALADDATINKVAMKLGVSTATVQALVTARKNALARQRKKG
7,TATA,CGTATAAACG,Overnight,TATA_config_TATA_8_model_1,0.5821,0.5782,0.579,123,"default (L=120-140, 1BNA)",KARTVFTESQKSALEAVLQDLITGSMSAQAARAKAAQATGLSTAQVKNWIANYRKNHNLTFGKKAKTLWTDAKIAQLSPKEKEVLQLTALGLSNASIAQVLGISVSTVKTLLSNARKKANNLA
8,TATA,CGTATAAACG,Overnight,TATA_config_TATA_0_model_3,0.734,0.5748,0.6067,130,"default (L=120-140, 1BNA)",AQTAYPTLSKATIEQLDAEYEKLTAQGAATQAEVSAIANKLGLSVQTVKSWLKNRAAQVSRKKRDPLVAQELQTLSKLFKQLSLEQKLALGQKFSLPAAAIMSGALGAGVLKALATTRLAALMTDLKDIL
9,TATA,CGTATAAACG,Overnight,TATA_config_TATA_14_model_5,0.7759,0.5713,0.6122,140,"default (L=120-140, 1BNA)",TAKAKNASTTAAVRSTLAAQDGPVPLADLVAKAMAETNASEATVLNVLTALEKAGICSVTQLGAQSLVALTEKGKVAQAAANAALNANLQLKANLAAELGVSTAEVTTLINQVRAQYGKPATLAAKAELVRTCYLQILGV
10,TATA,CGTATAAACG,Overnight,TATA_config_TATA_21_model_0,0.7809,0.567,0.6097,135,"default (L=120-140, 1BNA)",DTIISVTEETINTYLPSLIAILKAQGLSEETAKVLAENIFANLKEKKDSYTVAQINNALASAIHNEKKKLGKLAETARDKSKAIEIAKLALEGKSNAEIAKQLGISEATVSKHLSNLYRKFPSKAALLAYLQQEN
1,TATA,CGTATAAACG,AutoRes,exp006/config_design_6_model_3,0.8653,0.684,0.7203,196,L=180-220,SHLAQAAAAKKKGDFDTAIALLNQVLLIAPAAKQANAYLALATALTAQGNLDKAQAALKKALAIQPSNTSAKLSLAAVLLKQGDVDKALALYRQLAAQGSTTARIKLANHFAQQGQLDAAVATLEAALADTAQNAPTSGARVALLLNLAGLYKKAARLDDAVQAYQQAAQVAQLINNAAAASQAENNAANLEKAAT
2,TATA,CGTATAAACG,AutoRes,exp006/config_design_8_model_7,0.7865,0.6569,0.6828,208,L=180-220,GVATADEIDTAIQNLAEKYGIALTAAQKTRLQKMVKIFGINKAIQIFEKSIEITEQVKAIAAEIGVDSINSQALAASFLGISLKQVKALFRQANEEAAKLLAQRGMAATKATLNKARAEVYNAQEDVYLIQTVCNAKSNLVARANKEVSVQALELLLKAYGIEIPAAVPSLKETQQMLKAAGQTRSAKEINRLISNLQAALQEMAQLN
3,TATA,CGTATAAACG,AutoRes,exp006/config_design_8_model_2,0.6349,0.6206,0.6235,208,L=180-220,KVQQNIQVITAKAIITSLLEQKGALTLAAILESIKAAGLSTTQQAVLSALKALAANGSLASSTAGDSTVYSLSPKRLKKLDAALKKNNDSAYQAAMTTAKDSLDLLKSQLLTALTLVVTPASTVGDLLDEVSEVCTAHAIPASVIASVRNTVMTTLTNTFQQPVAASDPLGAFAPTSAQLSAVINTLTNVAVGVIGTWLKKTIRTNIG
4,TATA,CGTATAAACG,AutoRes,exp004/config_design_2_model_7,0.6884,0.6201,0.6338,111,L=100-120,GAQLTPAQVAALEAFGQATNYKPSAAQRAALAKELHLSSKTVKIWFANKRATITRLKNKLAGKQKALGAATITRQLQALGIDQQAANSIARDIVRITGGDRAQAEALLAQL
5,TATA,CGTATAAACG,AutoRes,exp003/config_design_2_model_7,0.7373,0.6184,0.6422,172,L=160-200,TAAVQALEAGDLANALAIAEATIEAAAANPAVGTATLNTAFAVLSAIASLQSDDALIADIATLRDAILAERKAKLAAANKAAKAANVARINALAQQVNPTMTGASLGKLLANVANAYKQQGFNVNAATITNILEAALEEGELVPGMTEAQIKLYISQKLLALINAGVIKKEA
6,TATA,CGTATAAACG,AutoRes,exp002/config_design_7_model_5,0.7945,0.6159,0.6516,154,L=140-180,GAHSLAARILKVLGTKGPLSSTALANDLQISKAAVTKALATLEEQGLVVKTQEADAIYSLTDAGLAEAEKLKAARRKTLQVAAKVKKSVLNLLKENGELTLAQVIVDVQQLVNVSNKTIVAILNSLESKGLIEKEIVDGKVCYSLTTKAQETLA
7,TATA,CGTATAAACG,AutoRes,exp006/config_design_7_model_5,0.7977,0.6147,0.6513,180,L=180-220,AQIPAKVDLLKGDDSRYKVLVALAKSAVPLSIAELADKTGLSQATVSQILSQLEALGLVAAVPGQGYVLTAEGKAVLKEIKKQLNQERLQALQSILSNTELKIFKYLSAQLIQARGSAIFDKATLAADLSKKYQISSASINASIQLLIDKGLVKKVSADVILISREDLKKWKSLVKAAKL
8,TATA,CGTATAAACG,AutoRes,exp005/config_design_8_model_5,0.776,0.6107,0.6438,146,L=130-150,GLETQRNQLKARINAILLENKSLINALLKKFKPLIEKALADLDLSAAQLKFYKQITFNAIAKALKNKILTLTGQSNLLNEYRRLAREKRAIDLAALKANGKFDEQLKLHILQLQAQKTYQAAHAAVIAQVKALKNTFIAALNSEIA
9,TATA,CGTATAAACG,AutoRes,exp006/config_design_2_model_7,0.8246,0.6095,0.6525,182,L=180-220,EALNLASEKKSLRAALSAVVASLKALLPAGSEAHNLVAEAYTLVCNHLFAQAKTALQNARAQASPEAQALIDTAESILNSLQVIDSNLTKIANSYRNQAMDILKAKNPDISKIYDSLDPASKEAVRSTALKTIKALLGCKGASRAEILEKIPFLTQVQIDQIIEQLESVSAQLNAAARALED
10,TATA,CGTATAAACG,AutoRes,exp003/config_design_6_model_5,0.7457,0.6072,0.6349,197,L=160-200,ASAAAVTADAVLVLQAEQGSSTPAAEIAAALGVTKEQVAAAATSVAARLASAAAAGFFAAELTALAAANLAYVQAAQPIHVLRLQIYEAKLAQITDPLDKAAILKRAAAAAQDAKLTQKAADLRAQAHALMAEHGLTQAEVDTQSKKLAPALGKESKAVIAAEHPDLLAQVAKAKKLKGAALAALISAYLRLLAAQA
